Mã_Khách_Hàng,ProductKey,ChannelKey,MarketingKey,Thời_Gian_Mua_Date,Ý_Định_Mua,Số_Tiền_Mua,Tần_Suất_Mua,Trung_Thành_Thương_Hiệu,Đánh_Giá_Sản_Phẩm,Thời_Gian_Tìm_Hiểu_Sản_Phẩm,Tỷ_Lệ_Trả_Hàng,Mức_Độ_Hài_Lòng,Thời_Gian_Ra_Quyết_Định
37-611-6911,1,1,1,2024-03-01,Need-based,333.8,4,5,5,2.0,1,7,2
29-392-9296,2,2,2,2024-04-16,Wants-based,222.22,11,3,1,2.0,1,5,6
84-649-5117,3,3,3,2024-03-15,Impulsive,426.22,2,5,5,0.3,1,7,3
48-980-6078,4,4,4,2024-10-04,Need-based,101.31,6,3,1,1.0,0,1,10
91-170-9072,5,3,5,2024-01-30,Wants-based,211.7,6,3,4,0.0,2,10,4
82-561-4233,3,5,6,2024-03-19,Planned,487.95,8,3,3,0.0,2,3,7
90-144-9193,5,6,7,2024-03-15,Need-based,486.4,12,2,5,1.0,0,9,13
88-661-4689,6,7,8,2024-03-17,Impulsive,218.06,6,5,4,1.0,2,9,13
37-065-3182,3,8,9,2024-06-10,Need-based,201.96,8,3,5,0.0,1,2,7
84-894-9222,7,9,10,2024-10-07,Need-based,418.83,7,2,5,1.0,1,5,13
44-674-4037,8,10,11,2024-07-02,Planned,389.7,12,1,4,0.5,0,4,12
78-116-8349,7,11,12,2024-12-27,Planned,238.93,5,4,3,1.0,0,10,1
19-933-8095,9,12,13,2024-08-05,Need-based,61.22,7,5,2,2.0,1,7,5
80-684-5072,10,3,14,2024-07-16,Wants-based,79.81,4,5,5,0.0,0,9,14
23-302-7502,11,13,15,2024-12-14,Planned,58.51,2,4,4,0.5,0,4,14
90-069-8934,12,6,16,2024-08-11,Wants-based,109.29,3,3,4,0.0,2,2,11
45-073-7243,5,14,17,2024-10-18,Planned,356.45,6,5,5,2.0,0,7,8
89-883-2101,8,15,18,2024-12-09,Impulsive,236.99,10,2,4,0.0,0,8,13
00-477-9449,13,16,19,2024-07-23,Impulsive,454.39,10,2,4,2.0,0,3,3
67-159-7366,14,17,20,2024-07-08,Wants-based,490.75,10,2,4,1.0,1,4,13
85-691-4293,15,18,21,2024-07-23,Wants-based,463.07,7,4,2,0.0,1,2,11
56-085-0464,16,19,22,2024-07-31,Impulsive,56.74,5,5,1,0.0,0,6,7
33-264-2822,17,20,23,2024-02-25,Impulsive,371.32,7,4,4,0.7,2,1,6
95-478-2650,15,11,24,2024-07-10,Wants-based,461.0,7,2,4,1.0,0,8,9
04-349-6759,2,21,25,2024-12-25,Impulsive,253.37,6,4,1,1.0,2,10,8
21-755-8745,13,18,26,2024-05-31,Planned,136.53,3,2,4,2.0,1,3,10
29-625-7057,18,13,27,2024-09-04,Planned,489.05,10,5,3,0.0,2,2,7
58-623-8404,14,12,28,2024-07-24,Need-based,81.91,10,3,4,1.0,0,4,2
56-506-4709,18,12,29,2024-11-16,Planned,135.8,2,2,5,1.0,1,2,9
25-839-8670,19,2,30,2024-07-06,Planned,382.24,12,1,5,1.0,1,4,3
89-194-0596,1,19,31,2024-02-10,Planned,354.7,5,4,2,0.0,2,7,12
55-163-1389,8,22,32,2024-06-29,Planned,433.82,6,3,2,1.0,0,8,10
28-225-4286,8,23,33,2024-01-26,Need-based,282.13,5,4,5,1.0,1,2,9
14-305-8712,8,24,10,2024-06-15,Impulsive,454.38,10,3,4,0.0,0,10,7
85-738-6864,8,25,34,2024-06-08,Planned,138.88,7,2,4,1.0,1,3,4
17-198-5155,6,2,35,2024-05-21,Planned,52.34,6,3,4,1.0,1,5,13
15-354-9904,20,26,36,2024-09-01,Wants-based,338.2,7,3,5,0.0,1,9,7
35-198-9248,17,21,37,2024-03-04,Impulsive,263.15,3,1,5,1.0,1,10,10
03-950-6074,15,27,38,2024-09-13,Wants-based,371.58,2,2,1,2.0,0,10,11
19-999-0134,11,28,39,2024-12-06,Impulsive,353.4,2,2,3,2.0,0,1,3
57-989-1487,15,8,40,2024-10-21,Need-based,329.41,5,5,3,0.0,1,1,2
07-816-2673,2,26,24,2024-11-17,Impulsive,54.46,5,4,5,1.0,1,1,1
70-761-3550,6,19,41,2024-07-24,Impulsive,257.12,8,2,1,0.0,2,1,11
38-242-3251,18,10,42,2024-03-03,Planned,293.04,11,4,2,1.0,1,3,6
95-525-0842,6,5,43,2024-11-13,Need-based,110.4,12,5,1,2.0,1,3,12
37-101-4922,8,29,36,2024-12-24,Wants-based,76.27,4,2,3,0.0,0,8,10
37-128-5425,17,26,44,2024-08-04,Need-based,392.08,6,2,5,1.0,2,7,6
27-439-9545,17,11,45,2024-08-25,Planned,51.22,6,2,1,0.0,1,5,5
37-126-7954,21,9,46,2024-08-17,Wants-based,227.57,2,1,2,0.0,1,6,14
82-990-0504,20,9,47,2024-04-01,Planned,378.87,7,1,2,0.0,1,2,5
21-734-0212,22,1,48,2024-08-24,Need-based,423.92,8,3,1,2.0,0,9,8
76-148-9413,18,14,40,2024-08-06,Need-based,111.24,9,5,2,0.0,0,2,12
53-639-3774,23,30,22,2024-02-01,Need-based,299.31,7,2,4,1.0,2,3,3
20-817-9584,10,31,49,2024-06-17,Impulsive,169.28,7,4,4,1.0,2,1,6
18-655-3670,3,32,50,2024-06-12,Planned,449.13,9,2,1,0.5,2,2,14
72-431-5021,10,33,51,2024-12-16,Impulsive,427.48,6,4,2,0.0,1,1,11
07-479-3919,7,7,52,2024-10-31,Planned,171.61,3,3,1,2.0,1,6,8
17-032-6274,6,11,53,2024-12-07,Impulsive,240.28,3,3,5,2.0,2,7,4
64-166-9097,5,17,54,2024-02-24,Wants-based,310.17,6,2,3,2.0,0,10,13
39-499-3854,12,24,55,2024-06-11,Impulsive,166.0,10,5,3,0.0,2,10,5
39-636-5871,16,20,56,2024-11-24,Impulsive,362.01,2,2,4,1.0,2,1,1
71-667-2334,23,3,57,2024-07-09,Planned,348.5,3,2,3,2.0,0,6,8
35-192-9050,10,20,58,2024-08-18,Wants-based,395.97,9,1,4,0.0,1,6,1
91-440-0011,7,7,59,2024-07-10,Planned,474.99,9,2,4,1.0,0,8,5
20-830-4758,9,34,60,2024-07-12,Wants-based,286.43,4,1,3,0.0,2,3,14
84-337-1016,11,35,13,2024-10-05,Planned,333.32,8,1,5,0.0,0,3,3
09-346-4992,14,5,61,2024-09-20,Need-based,223.47,9,2,1,1.0,0,2,8
75-083-3608,7,36,62,2024-07-16,Planned,414.83,2,2,4,0.5,2,4,8
29-779-7209,6,21,63,2024-04-02,Need-based,391.38,5,5,2,2.0,0,7,8
12-409-5166,5,7,64,2024-06-21,Need-based,368.4,11,2,5,1.0,0,3,13
07-024-4995,5,25,65,2024-03-11,Wants-based,328.36,11,1,4,2.0,0,4,4
74-478-5950,4,14,66,2024-02-26,Wants-based,424.39,9,3,1,1.0,0,7,13
31-395-1286,19,21,67,2024-06-14,Wants-based,197.12,10,4,4,0.0,1,1,10
60-838-4334,6,3,35,2024-03-24,Wants-based,454.57,9,2,5,1.0,0,1,1
71-197-8227,14,31,68,2024-04-27,Need-based,298.38,4,3,4,2.0,0,2,3
15-530-3861,21,28,69,2024-11-07,Planned,111.7,6,4,5,0.0,2,5,7
30-567-4471,21,28,70,2024-12-04,Impulsive,373.69,10,3,2,2.0,1,8,14
04-465-1819,24,8,71,2024-04-18,Planned,354.87,5,1,1,0.0,2,4,12
69-692-0614,8,11,31,2024-04-21,Wants-based,214.48,2,4,2,2.0,1,3,2
12-839-8066,15,21,42,2024-09-25,Need-based,399.58,6,3,4,0.0,1,8,7
05-465-8765,9,34,72,2024-12-09,Need-based,380.99,7,1,2,1.0,0,1,8
81-580-3810,2,37,73,2024-09-14,Planned,79.0,10,1,2,1.0,2,6,7
74-353-6312,20,9,74,2024-03-29,Wants-based,113.88,2,5,2,2.0,2,4,9
78-824-1887,23,38,64,2024-06-06,Impulsive,121.57,4,1,5,0.0,0,4,13
31-218-0024,19,7,75,2024-04-08,Planned,215.54,11,3,1,2.0,2,6,10
15-711-4107,5,39,76,2024-08-11,Need-based,87.03,10,1,1,0.0,1,5,7
76-672-1193,23,20,14,2024-10-10,Impulsive,111.75,4,1,4,0.0,1,6,8
46-503-5589,3,15,11,2024-06-15,Need-based,136.2,2,3,2,2.0,0,1,9
87-499-6916,2,17,77,2024-08-11,Wants-based,439.31,4,3,2,1.0,0,6,7
30-520-8656,11,26,78,2024-03-28,Impulsive,194.93,9,4,4,1.0,0,4,5
36-323-3504,2,13,79,2024-05-13,Need-based,377.67,8,5,3,0.0,2,1,14
93-810-4051,22,40,47,2024-11-23,Need-based,108.61,10,3,2,0.0,0,3,14
66-515-3648,11,3,80,2024-09-18,Impulsive,366.77,7,4,3,2.0,0,9,1
09-216-1957,24,32,81,2024-07-16,Need-based,178.04,5,5,1,2.0,0,5,12
23-253-2565,17,33,82,2024-08-03,Need-based,461.09,8,4,1,0.0,0,4,8
74-509-4985,12,41,83,2024-06-28,Planned,211.16,5,2,3,1.0,0,3,2
05-857-1572,10,4,5,2024-03-18,Need-based,421.95,8,3,5,0.0,1,1,7
26-521-8328,5,22,84,2024-10-15,Wants-based,378.59,5,2,1,0.0,0,4,14
31-147-6197,3,5,28,2024-11-23,Impulsive,268.93,2,5,5,1.0,1,3,8
90-093-0469,11,22,50,2024-11-29,Wants-based,444.87,11,5,4,0.0,1,8,7
38-935-1865,22,40,85,2024-07-09,Wants-based,160.82,7,3,1,1.0,0,1,3
75-953-8663,12,34,19,2024-08-03,Need-based,494.18,6,4,5,1.0,1,2,14
38-478-2681,4,11,86,2024-12-04,Impulsive,177.05,5,3,1,1.0,2,1,1
70-895-5298,2,32,87,2024-06-13,Need-based,450.66,7,2,5,0.0,2,4,9
02-653-5884,18,13,88,2024-07-13,Wants-based,164.27,6,5,3,2.0,2,7,14
11-719-8800,2,14,89,2024-09-04,Need-based,346.36,12,4,5,0.0,0,7,14
59-355-5251,10,1,90,2024-08-26,Impulsive,377.77,9,4,2,1.0,1,5,3
82-572-9091,23,16,11,2024-02-25,Need-based,163.41,2,5,5,2.0,1,8,4
86-044-1071,12,39,86,2024-04-15,Wants-based,467.58,10,1,2,0.0,1,6,7
08-733-0300,6,1,91,2024-07-01,Impulsive,247.51,10,2,1,2.0,1,8,2
70-108-1493,3,12,92,2024-08-30,Wants-based,365.1,3,2,3,0.0,1,3,1
46-230-8307,11,22,85,2024-11-13,Wants-based,485.42,5,1,2,2.0,1,6,4
74-431-0242,11,42,6,2024-12-27,Wants-based,250.54,4,3,3,1.0,2,10,3
78-272-6417,24,30,93,2024-08-07,Planned,163.14,5,5,4,0.0,1,2,1
13-792-4356,1,32,94,2024-10-05,Need-based,162.31,8,5,1,1.0,1,2,11
04-563-9091,3,14,63,2024-02-14,Need-based,328.21,7,5,5,2.0,2,2,12
79-592-5396,7,6,95,2024-04-05,Need-based,268.59,4,3,3,1.0,1,1,3
39-952-4459,14,24,96,2024-02-01,Wants-based,257.37,7,3,3,0.0,2,5,13
67-935-7964,3,25,97,2024-11-09,Need-based,205.49,4,5,3,2.0,2,2,11
26-828-2720,8,21,98,2024-06-17,Need-based,407.91,7,2,5,0.0,0,5,14
57-410-7415,2,19,99,2024-06-01,Impulsive,254.73,6,4,3,0.0,0,3,3
62-989-8214,21,24,100,2024-09-24,Impulsive,397.78,12,3,3,1.0,2,7,11
73-827-2774,14,6,101,2024-09-05,Impulsive,305.29,3,2,3,1.0,1,8,10
19-643-1879,2,9,102,2024-06-12,Need-based,257.86,6,2,2,0.0,0,4,1
57-345-3921,24,42,103,2024-10-06,Need-based,393.45,12,3,1,0.0,2,10,12
98-817-6731,19,26,104,2024-07-29,Planned,58.49,6,2,2,0.0,0,8,7
31-788-0864,22,20,105,2024-10-18,Need-based,226.48,11,5,3,2.0,2,7,11
27-806-4972,11,32,106,2024-08-07,Wants-based,469.22,6,1,1,1.0,0,1,7
48-343-1220,24,38,107,2024-08-12,Planned,335.32,6,3,3,1.0,0,1,10
15-640-6493,10,20,108,2024-11-27,Impulsive,184.74,5,4,4,0.0,1,5,10
64-846-7450,23,41,109,2024-01-25,Impulsive,442.18,5,4,3,1.0,2,10,12
58-788-8938,19,39,87,2024-05-10,Planned,427.1,8,1,2,1.0,0,2,5
52-240-3825,4,1,110,2024-04-22,Planned,326.82,4,3,2,1.0,2,5,4
60-618-2561,12,21,79,2024-03-19,Impulsive,98.97,12,2,5,2.0,1,7,11
94-969-6819,11,11,111,2024-01-24,Planned,77.65,6,1,4,1.0,2,3,1
76-982-8107,14,22,112,2024-10-04,Need-based,85.61,2,4,2,1.0,1,3,5
52-779-8972,2,32,113,2024-05-23,Impulsive,164.79,4,3,2,0.0,2,5,1
40-520-3271,19,42,114,2024-11-13,Impulsive,235.46,10,3,4,2.0,0,7,2
79-884-5600,6,24,95,2024-03-03,Impulsive,245.14,4,4,5,1.0,1,4,3
80-607-9947,17,19,103,2024-03-03,Need-based,439.91,5,1,4,2.0,0,9,10
87-290-8263,4,31,80,2024-03-24,Planned,309.22,5,3,5,2.0,2,4,10
99-316-9993,20,27,115,2024-01-22,Impulsive,146.59,10,5,1,2.0,0,2,3
54-164-2243,12,43,106,2024-11-02,Need-based,298.73,4,1,5,1.0,0,2,4
14-784-5606,2,36,101,2024-04-18,Wants-based,395.01,2,1,2,2.0,0,6,3
47-992-7446,14,36,116,2024-08-27,Planned,371.19,10,1,2,2.0,1,8,1
37-513-5073,14,30,50,2024-02-03,Wants-based,193.76,10,4,3,1.0,0,2,12
93-473-7248,16,11,117,2024-09-15,Planned,424.27,6,1,4,2.0,2,8,12
72-830-1211,24,18,27,2024-06-08,Impulsive,496.11,2,2,3,1.0,2,8,12
87-934-6762,16,11,118,2024-05-31,Impulsive,341.91,3,4,4,0.0,1,9,7
71-975-9564,1,35,80,2024-02-23,Planned,127.66,11,1,2,2.0,2,7,7
40-232-5631,15,26,52,2024-10-30,Need-based,227.47,2,2,2,2.0,1,4,9
22-414-4955,19,44,119,2024-11-22,Impulsive,342.99,3,4,2,2.0,0,6,6
99-089-1930,13,1,73,2024-09-15,Need-based,306.48,5,1,3,0.0,0,9,14
62-198-2511,4,36,14,2024-09-29,Wants-based,308.54,3,1,3,0.0,1,5,7
21-297-1223,23,3,30,2024-11-16,Planned,124.17,12,5,2,2.0,2,4,6
10-961-9336,23,6,107,2024-11-09,Wants-based,78.0,5,1,5,0.0,1,1,11
71-473-2656,11,27,110,2024-09-03,Planned,393.03,4,4,4,0.0,1,3,7
84-954-2973,12,15,120,2024-03-13,Need-based,102.09,3,1,4,0.0,1,9,1
22-382-9636,11,4,121,2024-04-18,Wants-based,426.21,3,1,4,2.0,2,5,2
89-724-2536,18,45,122,2024-05-21,Impulsive,140.31,2,2,4,1.0,2,5,8
85-391-1888,15,38,76,2024-06-17,Need-based,413.7,8,3,3,0.3,0,9,6
84-934-2483,18,33,46,2024-04-01,Planned,348.63,4,5,2,0.0,0,7,6
96-229-1698,10,25,123,2024-06-21,Planned,91.27,7,5,1,0.0,2,6,13
36-948-6994,9,27,124,2024-12-19,Wants-based,359.94,11,2,5,2.0,1,8,9
43-172-9431,1,12,106,2024-03-02,Need-based,138.2,8,1,2,2.0,0,6,12
53-690-5759,4,6,23,2024-06-29,Planned,196.33,11,4,3,1.0,0,5,11
00-496-3067,13,40,69,2024-08-29,Need-based,249.24,8,4,3,1.0,2,3,7
10-330-6387,5,36,125,2024-04-15,Planned,129.1,12,5,3,2.0,0,8,7
87-590-8963,16,17,126,2024-08-27,Need-based,112.69,10,1,4,0.0,0,7,1
47-931-2642,22,35,69,2024-03-20,Need-based,267.85,5,5,2,2.0,1,5,7
76-501-6422,4,28,127,2024-04-27,Impulsive,205.36,12,1,5,2.0,0,1,5
39-274-2175,19,20,128,2024-05-05,Need-based,79.1,10,5,3,1.0,0,9,4
62-493-5282,11,17,61,2024-06-16,Impulsive,256.63,12,1,4,0.0,2,2,10
18-841-7253,6,39,128,2024-10-15,Wants-based,409.98,12,5,4,0.0,2,1,8
18-097-5707,7,8,129,2024-08-01,Need-based,291.6,2,3,3,2.0,0,7,3
83-792-5141,4,43,19,2024-06-25,Wants-based,101.7,7,3,4,2.0,2,2,4
65-036-2410,11,43,34,2024-02-04,Wants-based,369.73,2,1,2,2.0,0,3,12
67-593-9579,16,37,106,2024-06-26,Wants-based,71.0,12,1,5,2.0,2,9,13
33-484-6674,13,29,12,2024-07-06,Wants-based,280.05,10,4,1,2.0,1,2,11
65-249-5416,24,39,122,2024-10-26,Need-based,54.71,4,5,2,1.0,1,3,3
17-328-4678,13,39,130,2024-05-07,Planned,119.51,11,5,5,2.0,2,8,1
00-733-8770,18,45,34,2024-12-08,Impulsive,57.5,12,5,1,1.0,0,3,13
47-501-3435,6,36,131,2024-06-27,Need-based,225.05,5,2,1,1.0,1,1,10
46-779-7065,2,33,8,2024-08-31,Need-based,441.15,7,3,1,1.0,1,1,8
91-603-1565,10,36,6,2024-11-13,Wants-based,481.21,3,1,2,1.0,0,1,11
35-122-5020,18,39,132,2024-12-19,Wants-based,102.96,3,1,1,1.0,0,7,4
63-684-4073,14,30,103,2024-05-06,Impulsive,331.57,11,3,1,0.0,1,6,14
74-483-2893,14,40,100,2024-10-30,Need-based,101.29,11,1,1,2.0,2,7,4
72-728-4406,13,32,133,2024-04-11,Impulsive,143.52,9,2,5,1.0,2,3,12
13-588-2488,7,34,134,2024-05-05,Need-based,276.48,3,1,2,1.0,0,4,7
79-861-6506,17,2,14,2024-02-19,Wants-based,352.87,11,5,3,0.0,0,6,12
66-974-6707,8,5,135,2024-10-09,Planned,228.68,3,2,1,2.0,1,4,4
95-112-6724,2,6,136,2024-04-21,Need-based,301.39,6,2,1,0.0,1,4,11
27-262-6874,6,23,137,2024-07-24,Impulsive,473.5,11,2,4,1.0,2,3,10
92-908-5062,4,10,37,2024-08-20,Need-based,72.8,11,2,4,1.0,2,10,3
70-014-6406,13,13,138,2024-03-24,Impulsive,171.72,3,5,3,1.0,1,2,12
52-908-9971,15,10,84,2024-04-04,Planned,467.5,6,2,1,0.0,1,1,6
57-623-5362,5,23,112,2024-09-13,Need-based,209.79,6,5,1,2.0,1,9,10
48-315-0196,3,12,139,2024-04-24,Wants-based,150.33,9,4,4,2.0,2,9,6
71-959-3896,9,26,140,2024-01-09,Planned,98.63,7,4,5,2.0,1,3,6
29-987-3969,22,23,21,2024-06-03,Planned,193.3,11,4,2,2.0,2,1,12
78-613-1546,9,42,141,2024-06-23,Wants-based,145.02,7,3,2,0.0,1,1,9
43-664-4451,19,13,48,2024-11-30,Need-based,294.99,4,3,5,2.0,1,4,5
34-095-3364,3,18,109,2024-10-24,Impulsive,305.45,2,5,5,1.0,1,1,9
72-393-6893,17,2,70,2024-04-21,Need-based,432.42,2,4,4,0.0,0,8,13
73-707-2809,1,14,142,2024-01-23,Need-based,227.58,11,3,1,1.0,1,8,6
04-609-7885,17,13,10,2024-06-23,Planned,160.89,10,5,5,2.0,2,6,13
73-139-4306,9,13,143,2024-03-20,Impulsive,139.1,7,2,5,0.0,2,3,8
23-794-8196,5,14,144,2024-04-09,Need-based,268.28,9,5,2,2.0,2,2,8
66-050-6391,7,26,145,2024-10-19,Planned,64.49,6,2,1,0.0,1,10,7
22-311-5460,18,28,38,2024-05-10,Planned,80.17,10,1,1,1.0,1,8,6
51-917-0766,20,41,36,2024-05-14,Need-based,277.52,11,4,1,0.0,1,7,11
53-013-1026,19,13,146,2024-04-13,Planned,53.67,7,3,5,1.0,0,2,11
29-779-3457,3,25,79,2024-01-04,Need-based,323.39,10,2,3,2.0,0,7,11
18-047-5540,7,12,125,2024-06-30,Planned,98.02,5,3,3,1.0,0,3,10
89-438-5310,23,8,130,2024-04-30,Impulsive,231.26,10,5,1,2.0,2,5,10
23-985-3535,2,20,21,2024-02-01,Impulsive,382.49,6,4,2,2.0,2,3,1
67-939-2463,23,15,33,2024-07-01,Impulsive,255.42,9,5,5,2.0,1,9,11
03-623-6767,17,20,140,2024-11-05,Planned,423.23,12,3,3,2.0,0,7,6
86-749-6914,22,14,131,2024-01-29,Need-based,276.08,4,4,5,0.3,2,10,10
03-977-8103,6,4,125,2024-10-25,Impulsive,333.56,3,4,5,1.0,2,2,14
03-827-4021,20,31,14,2024-06-03,Impulsive,129.82,12,1,2,0.0,2,1,8
68-507-4747,21,36,51,2024-06-14,Wants-based,278.78,3,5,2,0.0,0,1,2
73-942-8440,1,42,42,2024-10-22,Planned,112.55,5,1,4,2.0,2,1,2
21-821-6398,17,8,147,2024-07-09,Impulsive,142.02,7,1,5,0.0,1,9,3
64-641-7874,13,25,116,2024-08-14,Wants-based,481.84,10,1,4,2.0,1,1,9
53-459-7870,13,39,82,2024-04-17,Impulsive,165.01,10,1,2,1.0,1,5,10
36-240-3240,16,37,25,2024-11-16,Wants-based,56.85,5,2,1,2.0,0,1,14
54-936-4361,12,18,148,2024-08-12,Wants-based,182.89,2,5,3,1.0,1,9,5
67-209-0990,6,41,103,2024-07-27,Impulsive,373.01,5,5,5,1.0,1,4,8
19-667-0201,4,33,149,2024-04-15,Need-based,220.77,7,4,2,2.0,2,1,11
36-274-5269,12,24,113,2024-10-06,Need-based,291.09,11,2,2,2.0,0,9,1
09-948-3150,15,39,150,2024-11-26,Planned,414.06,9,1,4,2.0,2,4,2
19-873-9468,10,35,141,2024-05-26,Wants-based,408.51,9,2,1,2.0,0,7,1
37-748-4988,5,17,53,2024-11-04,Planned,103.4,9,4,1,2.0,1,9,9
08-755-1170,5,25,148,2024-10-18,Impulsive,67.92,3,1,3,0.0,1,8,10
07-402-7433,19,42,151,2024-06-13,Planned,354.16,8,1,1,1.0,2,3,5
60-073-3575,6,27,13,2024-03-03,Wants-based,276.77,2,1,1,2.0,1,2,4
97-237-3483,11,15,145,2024-06-03,Planned,190.25,6,4,2,2.0,2,9,13
93-675-1619,10,25,74,2024-08-10,Need-based,203.49,7,4,1,2.0,1,8,11
43-884-2577,19,5,152,2024-11-18,Planned,263.5,6,3,2,2.0,0,8,1
33-200-7615,18,42,153,2024-02-08,Wants-based,247.3,2,4,4,2.0,0,1,11
63-631-8261,17,33,15,2024-03-17,Wants-based,50.71,12,4,3,0.3,0,9,8
34-016-7909,3,3,72,2024-01-04,Need-based,131.85,4,5,4,2.0,1,5,6
82-304-6495,22,1,76,2024-09-29,Planned,459.39,6,2,2,0.3,2,4,14
70-207-6999,3,35,154,2024-08-05,Planned,383.33,6,3,4,2.0,1,3,12
71-780-8195,17,32,138,2024-05-07,Need-based,212.08,8,5,5,2.0,1,9,13
93-356-8589,18,33,64,2024-08-18,Need-based,370.73,7,3,2,1.0,0,9,7
92-142-9480,21,30,155,2024-02-18,Wants-based,319.66,7,4,2,1.0,1,10,3
53-042-5685,24,25,156,2024-03-14,Planned,373.05,3,3,4,0.3,1,10,7
35-853-2222,7,26,157,2024-03-25,Need-based,393.78,6,3,4,1.0,0,5,14
83-670-9273,21,26,26,2024-12-03,Need-based,245.04,4,3,2,0.0,2,6,10
37-783-6086,22,24,158,2024-05-13,Impulsive,111.27,3,1,3,1.0,2,10,12
79-902-8144,16,26,159,2024-07-25,Impulsive,93.29,11,2,2,0.0,0,7,9
41-009-7879,12,38,30,2024-01-10,Wants-based,156.5,5,1,1,1.0,0,3,14
89-302-8461,13,18,77,2024-10-30,Impulsive,290.11,8,4,4,1.0,1,4,14
23-066-1915,15,14,160,2024-09-17,Planned,355.28,3,5,5,0.0,1,4,5
39-090-0124,1,19,126,2024-08-17,Wants-based,73.74,7,4,2,0.3,1,3,13
41-854-0707,7,8,58,2024-06-03,Need-based,170.35,10,2,1,1.0,1,10,1
04-352-1558,4,19,65,2024-07-28,Impulsive,123.7,6,2,5,0.0,1,5,2
93-867-8303,1,41,161,2024-10-24,Impulsive,201.6,9,1,4,2.0,1,4,14
31-088-6950,5,36,116,2024-04-01,Wants-based,116.14,11,1,4,1.0,0,8,14
43-616-8365,24,22,121,2024-06-09,Need-based,483.38,9,2,1,0.0,2,3,8
71-876-9118,19,44,149,2024-11-14,Need-based,418.62,9,1,2,0.0,0,9,11
18-263-0366,6,11,71,2024-10-08,Impulsive,139.83,12,2,4,2.0,0,1,10
25-502-1415,18,36,162,2024-01-11,Planned,54.17,4,4,5,0.0,2,2,7
50-000-9588,24,32,44,2024-02-26,Impulsive,437.59,10,1,4,0.0,0,4,9
32-338-5967,12,11,163,2024-11-01,Wants-based,113.57,5,4,4,2.0,1,1,8
19-311-9149,13,44,82,2024-03-28,Wants-based,305.54,6,3,5,0.0,0,5,7
94-212-7169,2,41,50,2024-01-08,Impulsive,339.12,2,4,4,0.0,0,5,1
17-246-6194,24,14,135,2024-02-28,Need-based,323.4,11,2,3,2.0,0,8,10
26-672-1285,21,41,31,2024-09-15,Impulsive,472.61,9,5,5,2.0,1,4,5
00-265-0556,5,28,31,2024-11-01,Need-based,68.02,10,3,2,1.0,1,6,6
76-397-3294,17,11,164,2024-07-14,Need-based,199.44,7,2,1,2.0,0,3,1
43-612-8079,7,45,8,2024-04-24,Planned,250.73,4,3,2,1.0,1,10,10
17-213-2834,21,6,165,2024-08-22,Planned,372.49,12,4,3,0.0,0,5,7
36-214-1586,6,19,166,2024-02-20,Impulsive,186.85,2,3,1,2.0,2,8,12
32-414-1466,7,17,36,2024-01-27,Wants-based,73.32,10,5,1,1.0,1,1,14
12-699-6543,21,26,86,2024-02-09,Wants-based,214.59,6,1,1,0.0,1,8,9
83-427-3218,5,41,167,2024-01-28,Need-based,467.32,12,4,4,2.0,2,4,11
61-663-9008,23,41,7,2024-06-23,Wants-based,475.65,4,4,5,0.0,2,6,14
86-917-7481,10,5,25,2024-08-20,Impulsive,161.38,11,5,3,0.0,1,10,10
66-086-2306,16,10,115,2024-11-24,Wants-based,249.78,4,5,4,0.0,0,1,11
43-671-9834,21,3,168,2024-04-19,Impulsive,149.88,9,3,2,0.0,1,10,4
90-888-8726,24,44,169,2024-01-26,Planned,347.09,5,5,2,0.0,2,1,7
23-085-0811,11,15,170,2024-09-06,Impulsive,345.49,9,3,1,2.0,0,10,3
85-192-9218,11,39,171,2024-06-29,Planned,297.24,2,1,4,0.0,0,9,7
82-671-7236,4,6,127,2024-03-03,Wants-based,494.34,12,5,3,0.25,1,8,3
42-674-3987,10,25,86,2024-05-10,Need-based,443.52,5,5,3,0.0,0,7,9
41-934-7739,24,44,141,2024-08-20,Wants-based,457.18,7,4,3,2.0,2,6,10
48-825-0400,6,25,172,2024-11-11,Planned,407.88,4,1,3,1.0,1,10,14
30-133-5120,6,20,173,2024-05-25,Wants-based,448.68,8,4,4,2.0,1,3,8
29-827-8515,14,11,158,2024-12-23,Need-based,255.96,7,5,1,1.0,0,10,13
91-724-4633,9,32,135,2024-07-07,Need-based,146.07,7,4,2,1.0,1,6,1
10-328-5732,19,29,76,2024-12-30,Planned,311.9,4,2,4,2.0,0,6,2
38-912-1128,1,36,174,2024-03-11,Impulsive,301.6,4,4,5,1.0,2,10,13
07-751-9620,15,5,39,2024-07-07,Planned,297.45,3,1,5,0.0,0,7,4
81-877-9170,7,45,19,2024-07-24,Need-based,157.26,3,1,3,1.0,1,1,8
19-885-2597,19,38,175,2024-08-04,Planned,239.46,3,3,1,0.0,2,8,7
82-389-2029,1,15,176,2024-01-02,Planned,240.82,10,1,3,2.0,0,3,8
97-463-0048,7,38,177,2024-04-09,Planned,302.07,6,1,5,1.0,2,5,13
91-572-6135,15,33,142,2024-10-15,Planned,367.99,2,2,5,1.0,2,2,8
10-232-0685,20,21,24,2024-01-23,Wants-based,359.75,7,5,1,1.0,1,6,3
77-761-7475,13,30,178,2024-12-01,Impulsive,204.44,2,5,3,2.0,1,3,13
78-826-3039,1,13,179,2024-02-19,Impulsive,228.93,7,1,1,2.0,2,2,11
86-668-1045,3,6,55,2024-08-19,Impulsive,355.31,11,1,1,0.0,1,2,12
14-603-9698,10,20,33,2024-11-18,Need-based,334.67,12,2,1,2.0,2,5,13
23-752-2213,6,22,158,2024-06-04,Impulsive,182.72,5,2,1,2.0,1,7,13
71-486-8561,24,42,142,2024-11-20,Need-based,260.22,11,4,3,0.0,2,5,13
76-382-7162,2,6,143,2024-04-21,Wants-based,454.93,8,3,5,0.0,2,7,11
28-947-4295,22,16,11,2024-10-20,Impulsive,325.42,11,2,4,2.0,1,1,7
84-765-0748,24,16,83,2024-02-09,Need-based,351.36,2,5,3,2.0,2,6,7
54-207-8349,16,4,109,2024-12-05,Need-based,333.63,8,4,5,2.0,2,2,14
20-419-0341,22,34,180,2024-06-28,Planned,469.9,4,2,5,1.0,1,7,7
52-005-9914,8,12,181,2024-08-06,Impulsive,207.52,4,3,4,1.0,1,8,2
34-846-7805,17,12,182,2024-11-22,Wants-based,125.89,7,3,3,2.0,1,6,13
26-596-5461,14,35,167,2024-08-04,Impulsive,170.77,9,5,2,1.0,2,1,4
20-157-8631,14,37,57,2024-01-12,Planned,63.91,2,1,4,2.0,0,6,12
91-199-9097,21,42,118,2024-11-19,Planned,340.55,7,4,5,0.0,0,7,1
55-846-2579,15,18,163,2024-09-04,Wants-based,378.14,6,2,2,1.0,1,6,7
83-455-7266,17,34,183,2024-08-03,Planned,235.84,9,5,2,0.0,2,3,14
67-599-9267,18,44,29,2024-04-08,Impulsive,164.44,5,5,1,2.0,1,10,5
41-501-9276,7,33,103,2024-04-21,Wants-based,455.81,3,2,3,1.0,1,6,6
99-509-4653,11,21,184,2024-06-17,Wants-based,298.32,7,3,5,1.0,2,8,12
31-284-5722,12,21,101,2024-03-19,Need-based,351.71,7,2,2,0.0,1,6,8
88-000-9227,17,21,185,2024-08-13,Need-based,393.48,11,2,2,0.0,1,10,3
52-726-9328,3,30,74,2024-05-29,Planned,241.72,6,5,2,1.0,0,8,2
60-198-5417,15,16,169,2024-12-03,Need-based,280.2,3,4,2,0.0,2,7,13
00-107-4749,19,14,102,2024-09-19,Impulsive,178.04,5,1,1,2.0,2,10,11
88-428-8409,13,39,186,2024-03-22,Planned,347.99,5,4,4,1.0,0,1,6
21-313-7424,3,42,187,2024-02-22,Need-based,343.81,3,3,5,0.0,0,7,3
79-973-7862,10,8,188,2024-12-25,Need-based,105.29,7,2,5,0.0,0,1,4
81-814-3498,12,22,189,2024-08-27,Impulsive,483.66,3,1,4,1.0,2,1,9
34-375-8138,4,31,121,2024-01-28,Wants-based,69.41,8,5,3,0.0,1,9,5
05-067-9686,17,9,48,2024-11-16,Wants-based,207.18,11,1,3,0.0,1,5,8
61-951-7929,19,40,190,2024-12-08,Planned,454.15,11,2,1,1.0,1,8,13
53-667-0793,20,32,191,2024-05-15,Impulsive,113.01,11,5,2,2.0,1,1,4
61-212-1117,13,27,71,2024-08-03,Wants-based,419.13,4,3,5,1.0,0,1,6
09-443-7536,24,3,192,2024-10-07,Wants-based,183.86,5,1,1,2.0,1,4,3
27-463-5671,13,25,12,2024-06-25,Planned,53.87,10,4,3,0.0,0,10,2
53-380-3968,2,10,82,2024-04-04,Wants-based,427.82,9,5,5,0.0,1,2,14
42-969-0735,13,16,154,2024-02-29,Wants-based,282.82,6,5,3,2.0,2,7,3
12-440-5464,14,19,162,2024-04-09,Impulsive,215.31,7,5,5,2.0,1,8,7
33-467-2534,5,28,153,2024-04-18,Planned,183.66,11,3,1,1.0,0,10,6
35-418-0288,16,16,185,2024-02-02,Impulsive,198.73,10,1,5,2.0,1,5,4
33-787-2143,23,5,31,2024-04-22,Planned,265.72,5,5,4,0.0,0,9,13
58-528-6262,15,19,3,2024-07-14,Wants-based,138.35,2,4,5,2.0,0,2,8
31-060-2716,20,18,176,2024-09-10,Wants-based,441.87,3,1,2,1.0,0,10,13
81-515-5823,21,34,76,2024-07-29,Planned,178.29,4,4,3,2.0,2,10,8
90-858-0453,7,15,193,2024-10-15,Impulsive,77.08,10,2,1,0.0,0,8,1
28-874-8938,3,39,194,2024-07-01,Wants-based,266.9,11,4,2,2.0,1,8,13
89-625-5542,14,32,3,2024-05-04,Wants-based,269.84,4,5,4,0.0,2,9,2
07-966-8728,4,11,164,2024-03-02,Need-based,334.22,8,2,2,2.0,2,8,1
94-408-2581,23,41,175,2024-04-17,Planned,474.56,8,1,5,2.0,1,6,12
55-301-9368,14,36,85,2024-08-30,Planned,360.91,4,3,5,1.0,0,8,4
72-336-1992,20,11,58,2024-04-23,Impulsive,373.49,6,4,1,0.0,0,10,1
06-008-2805,7,31,36,2024-11-25,Impulsive,462.3,5,3,3,2.0,2,4,4
77-178-6086,17,44,16,2024-12-11,Impulsive,332.67,8,1,4,2.0,1,2,4
28-832-2885,4,35,114,2024-05-25,Planned,235.39,9,5,4,1.0,0,6,6
75-210-7391,13,16,82,2024-07-25,Need-based,269.78,7,2,3,1.0,2,7,5
60-470-3563,1,24,96,2024-05-08,Wants-based,498.33,2,3,5,2.0,1,9,1
24-241-7171,19,38,195,2024-05-28,Need-based,182.94,7,1,5,2.0,2,7,12
53-784-1855,19,14,185,2024-06-24,Planned,121.7,7,4,3,0.0,2,5,8
83-561-3374,15,5,129,2024-01-13,Wants-based,489.27,4,1,4,1.0,1,3,3
96-121-0629,15,3,88,2024-03-13,Need-based,303.93,6,3,2,0.0,1,10,2
00-275-9990,2,18,196,2024-06-28,Wants-based,302.74,11,1,5,0.0,0,6,5
36-593-2907,22,43,171,2024-04-30,Wants-based,157.21,11,3,3,0.0,0,3,5
22-692-3470,7,33,197,2024-06-14,Impulsive,159.45,2,3,2,2.0,0,5,14
90-322-7329,9,41,18,2024-08-04,Wants-based,312.93,2,2,2,1.0,0,7,3
28-395-9872,12,44,189,2024-05-07,Impulsive,65.68,4,4,4,0.0,0,8,12
79-297-1061,15,40,198,2024-11-15,Need-based,61.86,5,4,5,2.0,2,8,9
93-649-9356,14,36,15,2024-02-16,Impulsive,343.77,6,5,4,2.0,2,4,3
27-543-7069,4,22,36,2024-08-05,Planned,107.21,2,4,2,1.0,2,9,6
96-079-9597,4,43,42,2024-08-11,Wants-based,148.98,12,5,1,2.0,0,8,13
38-940-4942,11,23,137,2024-12-15,Planned,490.41,4,3,4,0.0,0,2,3
82-014-2564,20,8,199,2024-03-06,Wants-based,461.34,4,3,1,0.0,1,9,7
70-699-5799,3,42,200,2024-05-21,Wants-based,338.89,7,4,2,1.0,2,6,3
53-240-2040,1,31,201,2024-03-23,Impulsive,222.63,3,1,1,0.0,2,2,6
27-742-2776,17,30,183,2024-09-22,Planned,71.95,2,3,5,2.0,2,10,13
55-620-7906,15,33,34,2024-04-02,Planned,264.52,9,3,3,1.0,0,10,6
04-213-4617,2,39,115,2024-01-30,Planned,414.8,9,2,3,2.0,2,9,7
79-384-7469,20,38,202,2024-05-28,Planned,50.79,12,5,1,0.0,0,2,3
30-839-5589,12,41,125,2024-08-20,Planned,264.3,10,5,4,1.0,2,2,5
76-848-9229,10,1,24,2024-02-15,Wants-based,122.46,12,2,3,0.0,0,3,6
98-559-6096,15,8,140,2024-07-13,Need-based,238.01,8,2,2,0.0,0,9,5
56-810-2066,4,21,92,2024-04-17,Need-based,490.34,4,5,2,2.0,2,7,2
55-580-7707,24,39,126,2024-11-29,Planned,245.98,4,5,1,1.0,0,1,10
18-605-0795,12,45,81,2024-10-28,Impulsive,390.83,9,5,5,0.0,0,5,8
86-268-2904,24,45,195,2024-07-12,Need-based,158.84,6,2,1,1.0,1,8,5
75-847-7630,16,23,187,2024-07-26,Wants-based,439.24,8,3,3,1.0,2,9,10
76-910-2337,17,4,203,2024-12-05,Need-based,92.43,12,4,1,0.0,2,9,6
56-719-7145,21,4,144,2024-08-12,Impulsive,333.15,9,1,5,1.0,1,8,14
14-025-2335,9,24,176,2024-01-02,Impulsive,64.22,9,1,1,2.0,1,9,10
10-300-8072,4,6,13,2024-11-04,Planned,290.53,3,3,2,1.0,0,6,10
73-698-2326,16,3,159,2024-07-05,Impulsive,251.8,6,5,1,2.0,1,8,11
01-023-2094,7,37,8,2024-04-30,Planned,480.52,3,5,4,2.0,1,5,13
65-359-4645,13,27,174,2024-02-16,Planned,461.71,10,3,1,0.0,0,9,11
33-405-7978,15,31,124,2024-03-20,Need-based,288.34,12,5,2,2.0,0,8,6
09-783-7921,1,41,149,2024-10-27,Wants-based,194.08,3,5,5,1.0,0,2,13
76-561-2427,23,9,41,2024-05-04,Wants-based,198.45,11,3,5,1.0,2,8,5
82-467-3300,16,1,39,2024-10-31,Need-based,216.45,5,5,2,0.0,2,7,3
92-946-7398,16,32,204,2024-02-06,Impulsive,358.72,5,3,5,1.0,0,8,12
59-891-2990,9,19,152,2024-07-18,Need-based,367.56,9,4,5,1.0,0,8,14
22-579-3978,21,13,205,2024-01-06,Planned,88.78,10,5,3,0.0,1,7,13
22-352-0576,2,13,206,2024-04-04,Wants-based,465.85,10,5,3,2.0,2,10,7
28-676-0614,21,44,89,2024-02-28,Wants-based,262.61,3,2,5,1.0,0,10,6
07-211-9364,4,25,207,2024-10-28,Wants-based,91.24,8,4,3,0.0,0,4,4
98-238-6733,9,32,94,2024-06-21,Impulsive,425.69,5,2,5,0.0,0,4,4
72-006-3769,13,39,96,2024-06-06,Wants-based,446.11,9,3,1,1.0,0,10,11
75-845-3143,15,19,208,2024-12-24,Planned,490.11,8,3,4,2.0,1,1,14
26-028-2671,7,19,155,2024-11-14,Impulsive,403.57,6,2,2,2.0,2,2,1
55-876-7407,13,14,6,2024-12-18,Need-based,442.15,10,2,3,1.0,2,1,9
47-720-9520,7,24,49,2024-04-10,Planned,78.71,5,4,3,1.0,1,10,4
42-207-5005,5,18,12,2024-12-06,Need-based,491.51,2,2,5,0.0,1,1,7
47-266-2261,5,42,26,2024-10-29,Impulsive,457.39,12,1,1,1.0,1,5,9
77-642-7686,2,35,38,2024-07-10,Impulsive,178.61,12,5,1,2.0,0,3,8
37-468-8133,11,13,209,2024-01-30,Wants-based,492.51,7,1,4,1.0,0,2,4
00-335-5034,4,41,61,2024-08-12,Impulsive,411.4,3,1,3,0.0,2,9,6
95-148-1769,21,25,80,2024-03-17,Planned,96.52,11,5,3,2.0,1,3,11
72-324-1243,8,29,165,2024-09-21,Impulsive,65.45,6,2,4,1.0,0,2,3
62-687-5354,11,9,159,2024-03-25,Planned,255.86,3,4,5,2.0,0,1,4
54-634-0814,5,10,143,2024-11-12,Need-based,74.69,10,5,3,1.0,0,6,3
64-769-5737,4,31,115,2024-04-06,Need-based,430.75,8,3,4,2.0,1,5,6
62-892-2088,15,31,210,2024-11-23,Need-based,370.17,2,5,4,2.0,1,9,1
53-951-2529,14,18,211,2024-07-11,Need-based,384.26,6,4,2,1.0,0,9,11
00-264-3797,4,3,40,2024-04-17,Need-based,128.01,2,4,2,1.0,0,1,10
88-445-9235,9,6,203,2024-09-14,Planned,301.4,4,5,3,0.0,0,5,5
65-539-9955,19,34,180,2024-08-08,Wants-based,397.25,6,5,2,1.0,1,10,2
89-730-1134,1,27,56,2024-05-05,Planned,96.18,3,3,4,0.0,1,9,10
74-051-7865,16,38,212,2024-02-15,Need-based,390.44,4,5,1,0.0,0,4,4
40-450-4266,11,4,104,2024-01-26,Planned,61.5,11,4,2,0.0,0,1,8
78-796-5651,3,16,161,2024-05-23,Impulsive,234.44,6,3,5,2.0,0,1,5
78-163-4800,17,26,9,2024-04-20,Wants-based,318.84,6,1,1,2.0,0,4,10
90-272-5701,17,23,102,2024-06-09,Impulsive,327.32,6,4,5,0.0,0,4,13
14-118-5229,6,24,147,2024-02-15,Planned,475.64,3,3,4,1.0,1,2,9
24-662-2119,12,18,203,2024-04-18,Wants-based,68.59,9,3,4,0.0,2,5,5
61-794-8438,11,45,193,2024-07-07,Impulsive,133.04,12,1,3,2.0,2,6,11
21-959-5766,9,26,213,2024-12-15,Need-based,196.63,9,4,2,2.0,1,6,7
42-518-2602,4,2,133,2024-07-28,Impulsive,473.96,12,2,1,1.0,2,9,14
35-850-8676,9,11,143,2024-01-24,Planned,472.52,8,2,4,0.0,2,8,14
07-958-2231,16,3,86,2024-02-10,Wants-based,335.8,9,3,5,1.0,2,7,5
78-503-0416,9,20,153,2024-08-31,Planned,85.57,12,2,1,1.0,2,4,9
46-167-7999,22,18,214,2024-07-16,Wants-based,108.5,11,5,5,0.0,1,2,10
93-989-8649,2,7,213,2024-07-19,Impulsive,172.5,8,1,3,0.0,0,8,7
98-130-8811,14,1,25,2024-05-17,Planned,212.8,6,3,2,2.0,1,7,1
18-614-2070,16,5,15,2024-04-29,Need-based,324.41,7,4,4,1.0,0,5,4
80-277-3242,23,16,9,2024-01-04,Need-based,342.39,8,1,5,2.0,2,3,9
44-949-9040,11,10,214,2024-11-07,Wants-based,446.86,9,2,1,2.0,0,2,5
04-545-9162,14,3,59,2024-04-25,Need-based,463.15,3,1,1,1.0,1,9,9
51-320-2801,20,8,18,2024-10-03,Planned,122.99,12,1,5,1.0,1,8,1
50-510-5119,22,31,96,2024-08-07,Need-based,322.4,7,4,2,1.0,2,3,2
63-964-6954,11,18,181,2024-04-11,Need-based,73.19,5,2,5,1.0,2,8,3
55-569-9247,17,35,211,2024-04-25,Wants-based,279.08,10,4,2,1.0,2,7,3
02-911-0447,23,8,114,2024-04-28,Planned,478.85,10,4,2,2.0,2,2,4
77-626-7240,2,30,187,2024-09-09,Need-based,86.39,5,4,5,1.0,1,1,7
75-915-9803,16,14,190,2024-05-08,Impulsive,192.35,11,3,5,2.0,2,1,11
78-905-2660,22,13,161,2024-06-09,Impulsive,235.32,7,2,1,1.0,1,10,11
02-677-6735,14,6,76,2024-08-27,Need-based,212.63,8,4,2,1.0,0,4,6
20-460-9796,2,32,215,2024-04-01,Impulsive,246.63,8,2,3,1.0,2,3,10
57-587-4005,17,7,145,2024-08-29,Impulsive,228.47,9,3,3,1.0,1,7,12
99-477-8256,1,45,97,2024-09-18,Wants-based,343.77,6,4,3,2.0,2,9,6
03-992-3728,20,21,108,2024-09-05,Need-based,339.32,9,2,4,0.0,1,4,7
24-878-4507,21,34,29,2024-08-06,Need-based,327.05,9,5,4,0.0,2,3,7
22-106-8347,17,32,216,2024-06-18,Impulsive,334.45,2,2,5,0.0,2,9,6
81-479-0790,2,36,167,2024-08-26,Need-based,366.16,12,4,4,2.0,1,5,4
03-023-9932,20,20,99,2024-04-24,Wants-based,481.78,8,5,2,0.0,2,4,1
36-632-2460,1,1,49,2024-08-08,Wants-based,131.48,8,3,5,0.0,2,1,12
32-799-7704,11,8,217,2024-09-05,Impulsive,402.86,11,3,5,1.0,0,2,8
09-369-0588,1,44,99,2024-04-16,Planned,333.18,6,1,1,0.0,2,5,8
87-727-6434,18,35,160,2024-07-17,Need-based,73.23,8,2,2,2.0,1,2,6
18-793-9543,5,35,218,2024-03-18,Wants-based,450.47,11,5,2,2.0,2,3,10
63-625-5757,2,11,5,2024-07-18,Impulsive,175.74,5,5,4,1.0,0,6,6
93-413-4758,12,9,219,2024-05-31,Wants-based,182.6,4,5,2,0.3,2,9,5
15-663-7994,24,19,176,2024-01-21,Wants-based,497.8,2,3,5,0.2,1,2,9
29-319-4519,2,12,187,2024-06-15,Wants-based,171.17,4,1,3,0.0,0,4,12
40-347-2903,24,40,175,2024-04-19,Wants-based,425.82,3,4,5,1.0,1,6,11
18-452-1635,7,20,220,2024-09-12,Planned,210.58,10,5,1,2.0,1,3,8
47-710-5471,22,13,62,2024-09-04,Planned,199.64,11,5,4,1.0,1,5,8
88-167-7129,13,16,176,2024-04-28,Wants-based,162.22,10,5,5,0.2,1,1,8
86-771-9082,7,24,178,2024-12-08,Wants-based,401.75,8,3,4,0.3,1,8,6
46-678-4172,9,19,104,2024-11-05,Need-based,365.88,12,3,3,2.0,0,9,7
14-249-1256,22,23,221,2024-02-13,Impulsive,58.29,6,2,3,2.0,1,7,14
75-617-1460,19,38,96,2024-01-25,Wants-based,66.86,3,1,1,1.0,0,10,9
10-247-0192,20,15,39,2024-08-22,Wants-based,279.34,5,3,1,0.0,2,6,11
94-120-9525,14,11,154,2024-11-14,Impulsive,358.5,3,3,4,2.0,2,3,8
22-234-9315,24,24,20,2024-11-10,Impulsive,360.92,7,2,1,2.0,0,9,8
37-560-7247,20,19,222,2024-10-03,Wants-based,374.36,4,2,2,0.0,1,9,1
91-857-0797,16,28,223,2024-08-30,Planned,435.37,11,4,2,1.0,0,3,4
19-344-0102,4,22,224,2024-10-09,Planned,459.3,9,4,4,1.0,2,5,1
48-609-7715,24,18,166,2024-11-02,Wants-based,426.89,2,5,1,1.0,1,3,10
13-571-6506,10,18,225,2024-07-02,Wants-based,365.37,6,1,2,1.0,1,5,7
47-073-6440,8,45,144,2024-10-08,Wants-based,487.25,4,3,2,1.0,0,4,1
50-303-1693,16,7,73,2024-06-04,Wants-based,187.22,10,5,3,0.0,1,4,4
69-157-9577,17,36,113,2024-08-13,Need-based,396.82,7,3,4,1.0,1,9,9
09-513-4923,23,13,74,2024-03-27,Need-based,246.74,10,2,3,0.0,1,6,8
82-975-8569,9,39,69,2024-01-06,Planned,128.74,12,5,1,1.0,1,8,1
70-774-7728,17,2,157,2024-08-26,Impulsive,339.63,2,3,3,2.0,2,1,6
13-015-8097,7,15,158,2024-05-20,Impulsive,223.58,11,4,3,0.0,0,6,11
68-391-7279,1,18,22,2024-07-19,Planned,446.92,5,1,1,1.0,2,6,10
28-764-3337,14,23,118,2024-12-08,Wants-based,175.65,11,4,3,2.0,1,7,8
00-285-9607,21,39,226,2024-05-28,Planned,491.49,10,1,1,0.0,2,7,1
04-832-3559,22,8,227,2024-05-26,Need-based,88.4,5,5,2,0.0,0,4,4
27-613-5005,3,28,217,2024-06-06,Wants-based,430.9,8,4,5,1.0,0,6,11
49-825-3438,8,40,56,2024-02-27,Impulsive,435.23,2,2,4,0.0,2,2,13
31-783-9785,17,35,147,2024-07-17,Impulsive,218.65,3,4,2,2.0,0,9,4
58-059-8187,19,16,205,2024-07-08,Wants-based,207.66,10,2,3,1.0,2,2,8
74-882-6648,18,12,228,2024-06-19,Wants-based,141.09,7,3,4,0.0,2,3,1
03-180-9200,13,42,183,2024-05-17,Impulsive,142.7,6,3,2,1.0,0,4,11
46-578-1425,10,7,229,2024-10-20,Need-based,64.09,10,5,5,0.0,0,6,7
13-588-5783,17,33,33,2024-09-19,Planned,126.26,2,4,5,1.0,1,6,13
25-085-7917,12,44,216,2024-05-21,Impulsive,195.05,5,2,1,2.0,0,10,11
66-085-1226,20,5,230,2024-02-05,Wants-based,432.84,7,4,5,2.0,0,1,4
37-037-1765,24,17,127,2024-02-29,Impulsive,404.12,6,1,3,1.0,0,4,11
48-630-6410,20,17,139,2024-07-04,Planned,438.26,10,3,4,1.0,1,3,10
50-471-0212,24,27,189,2024-10-29,Impulsive,233.02,4,3,3,1.0,0,3,8
48-642-5768,13,26,147,2024-10-17,Planned,273.41,7,3,5,2.0,0,9,2
15-152-9751,5,6,27,2024-11-04,Wants-based,338.96,10,1,4,2.0,1,9,4
23-451-9920,9,39,231,2024-11-21,Planned,75.91,12,3,5,2.0,0,6,1
09-775-4058,8,22,97,2024-03-25,Planned,425.21,12,2,4,2.0,0,4,12
43-595-0966,15,12,83,2024-04-20,Need-based,268.8,2,1,3,0.0,1,7,12
56-592-0089,11,36,220,2024-04-14,Planned,170.71,10,5,3,0.0,1,9,7
29-374-1297,10,13,209,2024-06-04,Wants-based,444.05,10,5,4,0.0,1,8,8
80-728-6133,1,39,159,2024-01-28,Planned,255.1,5,5,1,2.0,1,1,14
58-502-7490,19,18,154,2024-05-15,Impulsive,236.44,6,4,4,0.0,2,2,6
23-537-0742,5,23,159,2024-07-19,Planned,201.69,11,4,5,0.0,2,8,3
22-483-3115,18,45,161,2024-04-15,Wants-based,390.51,6,3,2,0.0,0,2,6
57-372-5969,21,15,232,2024-09-11,Planned,442.29,9,1,2,0.0,1,2,13
37-283-9076,5,8,152,2024-03-10,Planned,89.6,7,5,3,2.0,1,5,8
39-075-3518,7,38,106,2024-01-14,Impulsive,166.74,6,2,5,0.0,0,6,1
84-315-7189,8,3,121,2024-05-29,Wants-based,299.28,12,4,5,1.0,0,9,3
75-964-5589,7,3,70,2024-08-31,Need-based,404.57,5,4,3,0.0,2,7,14
06-594-3417,15,16,97,2024-12-23,Wants-based,344.81,10,3,1,2.0,1,9,14
08-297-3351,11,11,25,2024-01-16,Wants-based,217.84,10,2,2,2.0,0,8,11
05-546-5128,7,25,75,2024-03-04,Impulsive,445.34,9,5,2,1.0,1,3,3
79-759-6726,4,44,28,2024-09-24,Wants-based,151.73,3,2,4,1.0,1,3,11
12-851-1771,14,35,64,2024-10-07,Need-based,123.73,9,1,4,0.0,2,5,10
79-960-1714,23,29,160,2024-03-25,Impulsive,370.54,2,3,3,0.0,1,9,7
30-417-6981,16,20,65,2024-08-20,Impulsive,152.87,3,1,5,2.0,1,8,11
91-532-5399,19,1,207,2024-12-07,Need-based,295.75,4,1,1,0.0,1,10,8
89-997-9041,3,36,144,2024-09-03,Need-based,358.11,11,5,1,0.0,0,3,11
26-235-6745,24,39,6,2024-02-09,Wants-based,63.6,12,5,1,0.0,2,1,6
99-080-9462,6,23,55,2024-03-27,Wants-based,419.53,3,1,5,2.0,2,10,6
87-056-8987,20,42,73,2024-12-29,Wants-based,491.92,10,5,3,0.0,1,1,2
06-160-8063,7,7,118,2024-10-20,Planned,114.44,4,5,3,2.0,1,9,1
73-434-2308,8,38,130,2024-09-03,Need-based,388.82,10,2,3,0.0,0,8,6
84-260-6464,8,41,98,2024-03-13,Need-based,58.32,7,1,5,0.0,1,6,8
00-149-4481,20,30,130,2024-02-04,Need-based,464.76,2,5,1,0.0,0,3,3
05-710-6109,4,30,47,2024-03-31,Impulsive,116.92,7,2,3,2.0,2,3,14
84-724-8407,24,11,44,2024-07-17,Planned,396.76,8,3,3,1.0,2,4,8
45-795-1873,13,1,41,2024-06-16,Need-based,393.35,7,3,4,2.0,0,4,12
06-647-3248,14,1,216,2024-04-13,Planned,114.03,7,4,3,0.0,1,10,6
06-767-5206,19,32,233,2024-08-12,Wants-based,109.97,4,4,4,1.0,1,5,1
94-288-4423,22,10,215,2024-12-17,Impulsive,310.23,12,1,4,0.0,0,6,3
49-891-9711,23,34,5,2024-09-25,Need-based,383.13,3,4,5,0.0,2,6,7
08-806-0588,19,44,173,2024-06-24,Impulsive,434.86,11,2,5,2.0,0,4,11
94-746-2001,3,14,67,2024-11-18,Need-based,489.1,9,3,4,1.0,2,4,13
38-943-5744,24,11,110,2024-08-06,Impulsive,288.15,3,1,4,1.0,1,4,13
98-535-8497,21,31,194,2024-09-15,Planned,105.87,12,3,2,1.0,1,1,4
33-243-8793,9,8,27,2024-07-08,Planned,163.4,3,3,5,1.0,2,10,7
99-581-5577,1,30,234,2024-10-17,Planned,422.92,6,4,1,2.0,0,6,6
64-180-2404,1,11,150,2024-06-16,Wants-based,361.48,10,1,4,1.0,2,9,13
73-097-0986,12,21,86,2024-10-30,Wants-based,270.82,2,4,2,0.0,1,8,13
88-051-0567,17,41,109,2024-08-13,Wants-based,372.26,11,1,5,2.0,1,8,6
44-715-9594,14,39,133,2024-09-03,Impulsive,208.59,3,1,1,2.0,0,4,1
84-188-6577,1,24,46,2024-07-01,Wants-based,163.22,8,5,3,0.0,1,3,8
19-116-4723,10,8,135,2024-05-11,Wants-based,364.98,7,4,1,0.0,0,1,8
21-783-9242,20,10,60,2024-09-28,Planned,142.43,3,2,5,2.0,1,9,8
95-528-2313,14,4,4,2024-02-18,Wants-based,449.72,3,3,3,0.0,1,9,3
94-682-4886,1,15,190,2024-11-28,Need-based,241.56,12,3,2,0.0,0,5,2
55-944-9669,21,34,160,2024-11-15,Wants-based,249.73,5,1,4,2.0,1,4,1
32-314-2958,4,31,78,2024-07-24,Impulsive,437.3,7,2,4,0.0,0,7,1
67-697-2331,20,14,49,2024-01-27,Wants-based,277.29,4,1,4,1.0,2,8,4
28-855-1639,14,33,235,2024-05-15,Need-based,445.93,6,5,5,2.0,2,4,13
38-069-8615,15,4,4,2024-01-20,Impulsive,242.79,6,2,4,0.0,1,7,7
58-233-5963,23,11,89,2024-04-11,Planned,393.09,8,5,3,2.0,0,3,1
02-004-0620,20,22,107,2024-11-10,Need-based,167.61,2,3,5,1.0,2,2,13
78-822-9328,1,10,56,2024-04-18,Wants-based,324.22,2,4,2,0.0,1,6,14
73-359-1998,8,15,16,2024-04-24,Impulsive,159.3,11,5,4,0.0,0,6,2
84-459-7736,9,13,141,2024-11-19,Need-based,324.39,5,2,2,0.0,1,6,1
07-395-5818,21,32,24,2024-01-12,Impulsive,198.89,2,2,2,0.0,0,4,1
07-560-6637,21,20,34,2024-03-11,Planned,287.18,7,4,5,0.0,0,1,8
61-926-1691,3,41,124,2024-10-11,Wants-based,162.24,7,5,3,1.0,2,6,7
68-129-1060,18,16,73,2024-12-15,Impulsive,92.97,6,5,5,0.0,0,7,7
04-052-5592,2,8,236,2024-06-11,Impulsive,144.39,12,5,3,2.0,0,4,12
41-215-6092,6,32,124,2024-05-08,Planned,253.37,12,2,5,0.0,0,9,6
89-833-7175,10,23,101,2024-10-12,Planned,209.62,12,1,2,1.0,0,7,9
08-117-9893,16,15,237,2024-10-05,Wants-based,411.62,6,2,1,0.0,2,7,12
24-109-2173,2,9,83,2024-11-19,Wants-based,388.01,2,1,5,1.0,1,2,10
79-939-2140,11,43,226,2024-01-12,Need-based,50.78,6,5,1,1.0,1,8,9
95-999-0984,13,25,165,2024-12-09,Planned,159.82,2,2,1,1.0,2,8,10
64-799-3174,23,41,169,2024-01-15,Wants-based,79.43,3,1,5,0.0,2,7,6
27-018-2262,23,17,238,2024-11-21,Wants-based,131.36,4,4,4,2.0,1,6,3
38-881-0766,22,36,130,2024-07-05,Need-based,299.75,12,2,5,0.3,0,4,7
17-344-8603,10,2,125,2024-11-15,Need-based,319.38,9,4,1,0.0,1,6,8
51-387-9144,14,13,238,2024-07-06,Impulsive,476.48,8,5,2,1.0,2,10,3
42-101-8525,1,4,55,2024-08-23,Need-based,301.01,9,2,1,2.0,2,8,13
69-157-6752,14,22,133,2024-08-30,Planned,378.71,5,4,1,2.0,2,5,14
27-843-5553,8,35,236,2024-03-16,Impulsive,314.32,6,1,4,2.0,2,5,7
04-468-5487,3,20,222,2024-08-17,Impulsive,210.9,12,2,1,2.0,1,1,12
08-584-8296,2,3,9,2024-02-27,Wants-based,218.26,4,3,1,2.0,0,8,12
81-014-4502,10,3,239,2024-02-14,Need-based,424.18,5,4,4,1.0,2,4,5
65-167-9819,9,28,75,2024-06-24,Planned,430.75,11,1,3,1.0,0,8,6
19-925-2376,8,8,127,2024-07-21,Impulsive,162.95,11,1,2,2.0,1,8,14
03-669-7519,19,19,239,2024-06-30,Impulsive,209.68,2,3,1,1.0,0,1,8
00-520-4376,22,42,93,2024-10-03,Planned,97.97,2,5,5,1.0,0,10,1
62-701-1037,6,14,101,2024-08-23,Need-based,192.51,9,2,5,2.0,0,2,9
87-806-4478,14,43,5,2024-01-13,Planned,151.81,8,3,4,0.0,1,10,1
04-809-8989,5,26,162,2024-11-08,Impulsive,239.28,8,1,4,1.0,2,5,10
39-867-1989,8,2,32,2024-01-29,Wants-based,306.17,4,3,5,1.0,0,6,8
45-584-7333,14,16,240,2024-03-04,Wants-based,370.38,11,1,2,1.0,1,1,9
85-885-6579,18,23,199,2024-06-03,Impulsive,346.58,6,5,1,1.0,0,9,7
65-457-2840,15,32,206,2024-12-06,Wants-based,292.64,5,1,1,1.0,2,10,1
82-726-1255,23,39,22,2024-03-26,Impulsive,102.91,12,2,1,1.0,1,10,13
90-602-3583,4,3,215,2024-08-09,Need-based,283.78,4,2,4,1.2,0,6,10
02-711-1034,22,21,41,2024-05-17,Planned,51.44,2,1,3,2.0,0,1,5
27-347-7437,9,28,204,2024-02-17,Wants-based,405.7,12,1,3,1.0,2,10,14
95-675-7816,20,18,35,2024-01-17,Impulsive,311.74,11,1,4,2.0,2,10,11
87-418-1400,21,8,154,2024-07-05,Need-based,293.43,9,4,4,1.0,0,5,7
73-991-0066,16,7,48,2024-05-01,Need-based,418.51,6,4,4,2.0,2,2,3
62-273-8089,11,29,171,2024-10-06,Wants-based,85.03,9,5,4,1.0,0,9,8
51-220-3072,8,10,7,2024-07-18,Wants-based,164.94,4,4,4,2.0,2,2,6
17-648-0171,20,22,75,2024-04-23,Wants-based,89.32,11,1,1,0.3,1,3,12
11-975-9054,21,14,6,2024-04-02,Planned,388.26,2,3,1,1.0,0,7,5
75-518-2831,24,13,154,2024-09-20,Wants-based,106.69,5,3,4,1.3,2,10,14
13-297-9777,13,11,172,2024-07-26,Need-based,301.16,10,4,3,2.0,2,9,1
81-604-7906,12,31,130,2024-10-03,Impulsive,61.71,6,2,5,1.0,2,7,12
87-518-0375,7,12,99,2024-02-27,Planned,83.33,11,1,5,1.0,1,6,1
53-437-2629,6,27,27,2024-04-08,Planned,411.81,4,1,3,1.0,1,1,1
46-681-0764,9,16,61,2024-08-23,Impulsive,114.93,3,4,3,1.0,0,4,4
43-990-6454,24,11,99,2024-09-10,Planned,438.42,11,3,2,2.0,0,4,4
55-570-3804,9,29,110,2024-03-06,Need-based,189.97,2,2,3,1.0,0,3,8
29-067-4901,19,13,236,2024-07-07,Planned,227.03,12,2,2,0.0,2,10,2
93-957-6269,4,14,241,2024-09-08,Need-based,278.49,4,5,5,0.0,1,5,8
81-225-6647,10,43,242,2024-06-03,Need-based,120.56,5,4,3,2.0,2,7,7
64-706-7841,1,37,6,2024-11-08,Impulsive,320.94,11,3,3,2.0,2,10,10
47-178-9529,24,20,243,2024-10-16,Wants-based,217.72,3,4,4,2.0,1,4,14
63-808-3641,4,13,154,2024-07-03,Need-based,222.61,3,1,2,1.0,1,1,3
85-738-8909,22,5,71,2024-07-18,Wants-based,102.73,3,4,5,0.3,2,5,14
40-224-1057,7,17,57,2024-03-14,Wants-based,426.87,2,4,2,2.0,0,4,3
24-853-1635,24,37,154,2024-12-09,Need-based,473.28,5,5,5,1.0,1,9,13
61-627-1822,24,21,200,2024-06-26,Need-based,446.03,9,2,1,2.0,2,7,12
89-392-5002,18,15,25,2024-11-12,Planned,287.95,3,2,3,2.0,2,7,11
71-573-6085,9,3,244,2024-12-20,Impulsive,132.52,6,1,2,0.0,2,10,12
91-810-3612,7,33,12,2024-05-28,Need-based,379.2,7,5,1,0.0,2,2,7
07-323-0255,20,24,78,2024-10-13,Wants-based,447.53,4,2,1,2.0,1,6,3
81-054-5343,3,27,145,2024-02-22,Wants-based,138.44,4,5,1,1.0,1,2,1
14-854-9545,4,5,245,2024-02-01,Need-based,440.62,8,2,2,2.0,1,3,6
52-150-4629,7,16,76,2024-09-16,Need-based,145.98,4,1,2,1.0,2,5,1
48-918-4473,15,11,150,2024-04-27,Impulsive,405.66,11,5,2,1.0,1,3,11
06-764-5496,21,10,21,2024-04-28,Impulsive,419.98,7,4,4,0.0,0,10,14
67-036-4295,18,19,86,2024-09-01,Need-based,260.14,5,3,2,1.0,1,7,7
35-880-9374,18,12,64,2024-03-21,Need-based,368.91,10,1,3,2.0,2,10,7
08-614-6177,4,32,119,2024-12-11,Planned,100.32,2,5,1,1.0,0,1,8
35-879-0014,2,14,246,2024-12-04,Wants-based,107.82,7,5,3,2.0,2,10,2
91-570-2695,16,22,247,2024-02-24,Planned,83.88,11,4,2,1.0,0,6,4
54-193-3526,23,45,153,2024-05-24,Planned,81.25,9,1,2,1.0,2,8,10
55-237-7991,4,10,84,2024-05-18,Planned,125.8,12,4,4,2.0,0,8,1
90-569-7391,19,30,51,2024-04-02,Wants-based,197.9,11,2,4,2.0,1,4,5
88-395-8741,23,20,144,2024-06-24,Impulsive,299.09,8,1,1,2.0,2,7,14
06-638-0433,23,33,29,2024-09-03,Planned,79.3,10,3,2,1.0,2,4,2
84-208-7045,6,2,74,2024-05-19,Need-based,55.73,12,4,3,0.3,1,3,3
71-568-0867,15,21,116,2024-08-04,Wants-based,256.44,8,4,1,2.0,1,6,3
18-925-1867,17,33,200,2024-10-24,Planned,337.21,12,1,5,1.0,0,9,11
69-394-1424,15,20,63,2024-08-16,Planned,494.97,12,5,4,2.0,1,5,7
91-695-8237,18,9,101,2024-06-11,Wants-based,238.58,6,3,2,2.0,2,9,8
68-458-0904,7,1,15,2024-11-01,Planned,131.9,8,3,5,0.0,2,4,4
28-862-5550,2,23,248,2024-08-22,Wants-based,403.03,12,1,5,1.0,0,1,2
85-666-7449,19,16,162,2024-08-24,Planned,338.6,10,1,3,2.0,1,3,9
30-987-7421,5,45,116,2024-08-01,Wants-based,365.38,11,1,4,0.0,0,9,14
39-107-6852,7,36,6,2024-02-09,Need-based,433.99,11,3,2,1.0,0,2,8
85-467-6564,11,44,158,2024-04-10,Planned,495.95,5,4,2,0.0,1,7,6
82-692-9306,16,29,161,2024-06-10,Planned,356.22,7,2,5,0.0,1,7,6
18-593-8611,19,42,168,2024-11-07,Need-based,156.4,7,4,5,2.0,1,7,4
93-093-0556,7,25,153,2024-09-16,Planned,454.36,3,4,5,1.0,1,8,12
59-080-5779,15,1,203,2024-01-16,Planned,486.07,11,5,1,0.0,2,6,12
64-915-2968,13,30,177,2024-03-03,Need-based,427.86,11,4,3,1.0,0,6,8
94-495-3402,22,19,249,2024-03-29,Planned,235.13,10,5,4,1.0,2,3,6
84-458-6432,20,28,250,2024-09-15,Need-based,361.27,4,3,3,1.0,0,5,2
46-452-3822,5,30,240,2024-01-25,Need-based,195.83,10,1,2,2.0,1,7,13
54-877-5699,7,22,251,2024-09-18,Impulsive,340.31,10,5,1,1.0,0,5,14
15-146-4456,10,5,172,2024-12-21,Wants-based,489.67,5,5,5,1.0,1,5,11
76-620-2994,8,27,233,2024-09-28,Need-based,482.5,11,1,1,1.0,2,1,13
60-834-3348,24,20,243,2024-07-09,Impulsive,433.14,10,3,1,2.0,2,3,5
77-742-5663,24,26,153,2024-09-27,Wants-based,375.7,6,3,1,2.0,2,10,10
05-167-0833,23,7,127,2024-01-09,Planned,381.3,12,2,1,1.0,0,4,7
86-182-9556,14,39,230,2024-07-05,Need-based,210.21,4,4,1,2.0,0,10,14
14-415-2802,19,30,119,2024-07-16,Wants-based,408.81,8,5,4,2.0,1,3,12
49-469-9163,24,14,204,2024-01-09,Impulsive,118.65,10,1,3,0.0,0,2,13
67-937-6624,15,27,52,2024-08-13,Planned,166.45,7,5,2,2.0,2,1,12
91-761-9492,23,24,147,2024-09-05,Impulsive,385.32,10,1,1,1.0,0,1,9
19-184-7665,8,1,252,2024-09-29,Wants-based,293.99,10,3,4,0.0,2,7,5
19-383-9741,17,39,223,2024-04-07,Impulsive,161.41,9,1,4,0.0,1,8,3
15-625-4047,20,11,18,2024-12-18,Impulsive,130.92,2,1,2,1.0,2,2,9
81-820-4735,17,39,169,2024-06-14,Need-based,468.6,4,3,4,2.0,0,6,2
71-436-6908,17,37,82,2024-04-25,Need-based,237.57,5,3,3,0.0,0,3,11
73-145-5784,5,44,250,2024-07-20,Need-based,395.18,5,2,2,1.0,0,5,6
50-637-1630,14,4,6,2024-03-29,Impulsive,427.94,12,5,4,1.3,1,2,10
44-938-7475,12,31,126,2024-03-26,Wants-based,81.23,9,2,5,2.0,1,10,6
55-279-3045,12,22,91,2024-04-14,Need-based,257.43,5,4,2,0.0,1,7,13
59-997-3903,18,31,177,2024-12-14,Planned,305.73,7,2,5,1.0,2,8,14
12-029-9344,17,2,253,2024-08-12,Wants-based,249.82,10,5,3,1.0,2,6,10
41-130-2570,10,9,92,2024-08-29,Wants-based,332.79,11,3,5,2.0,2,1,4
25-285-7453,18,20,156,2024-09-07,Planned,78.9,3,4,1,1.0,0,1,10
47-225-8686,11,36,194,2024-06-28,Impulsive,122.55,9,2,4,0.3,2,3,4
33-519-4214,8,18,72,2024-09-12,Need-based,307.61,6,1,1,0.0,0,9,10
03-991-2098,15,17,92,2024-01-19,Impulsive,152.33,2,1,5,1.0,1,6,8
30-735-8744,8,45,243,2024-03-02,Wants-based,465.07,8,2,4,0.0,1,2,8
13-848-5757,7,19,21,2024-01-08,Planned,498.23,10,5,2,0.0,0,7,9
21-300-2001,9,27,158,2024-08-27,Impulsive,491.18,3,4,4,1.0,0,6,14
38-587-1781,11,34,22,2024-01-03,Wants-based,149.42,3,1,1,2.0,0,6,5
66-557-1474,5,43,150,2024-04-09,Need-based,82.13,9,5,1,0.0,2,6,6
03-422-8710,7,15,101,2024-03-19,Wants-based,425.18,4,2,1,0.0,1,8,10
39-731-8532,18,7,254,2024-06-15,Impulsive,176.12,8,2,3,1.2,1,10,14
80-830-3184,24,45,45,2024-03-03,Need-based,70.3,6,3,5,0.0,1,8,3
97-505-8416,9,36,255,2024-11-17,Planned,319.39,7,4,5,0.0,1,10,3
98-585-4742,4,36,166,2024-02-14,Planned,113.51,11,4,1,1.0,2,2,8
51-302-9537,10,23,52,2024-02-29,Need-based,492.74,2,1,5,2.0,1,3,13
88-313-2633,5,20,93,2024-02-22,Wants-based,143.8,9,2,2,2.0,0,7,11
61-286-0069,18,33,219,2024-03-31,Planned,158.54,5,2,1,1.0,2,7,5
35-907-0586,5,45,189,2024-10-27,Planned,213.39,6,3,4,2.0,2,5,4
30-522-1574,19,12,89,2024-12-21,Planned,127.18,2,5,5,1.0,0,2,4
43-715-8777,9,12,256,2024-11-19,Impulsive,476.63,9,3,5,2.0,2,2,1
94-692-4313,10,13,255,2024-09-13,Need-based,56.02,3,5,3,1.0,1,6,12
96-915-4091,14,43,64,2024-09-26,Impulsive,398.97,3,2,3,1.0,2,3,9
67-073-5578,20,5,121,2024-07-14,Need-based,53.45,6,2,3,1.0,1,9,11
27-010-9462,20,39,240,2024-08-12,Wants-based,61.19,2,4,5,1.0,2,6,3
19-689-4556,9,4,65,2024-12-17,Impulsive,471.31,4,1,5,2.0,0,8,7
53-143-6147,11,2,118,2024-03-21,Impulsive,179.19,10,3,1,1.0,2,7,12
02-725-7664,2,10,145,2024-10-03,Wants-based,294.61,6,2,1,0.0,0,2,4
54-439-4748,11,19,55,2024-04-14,Impulsive,375.45,6,3,4,0.0,1,8,1
66-949-9895,14,40,117,2024-01-25,Need-based,83.5,12,2,4,0.0,2,7,10
20-648-1010,4,35,17,2024-01-05,Impulsive,109.88,7,4,4,1.0,1,3,11
79-939-5393,3,31,69,2024-08-21,Need-based,182.54,11,5,5,1.0,1,1,13
89-249-8369,5,31,77,2024-06-21,Wants-based,465.48,3,3,3,2.0,1,8,1
85-366-1482,11,36,11,2024-11-29,Impulsive,224.52,8,3,3,2.0,1,5,1
34-874-7357,22,33,257,2024-01-02,Impulsive,281.37,12,2,3,2.0,0,2,14
11-820-5039,3,33,128,2024-06-21,Need-based,125.68,2,1,4,1.0,1,8,9
73-846-1423,22,10,8,2024-05-24,Planned,178.21,7,1,5,2.0,2,8,9
90-363-8040,11,24,150,2024-12-19,Impulsive,483.23,7,2,4,2.0,0,5,9
65-533-1660,4,2,138,2024-09-25,Impulsive,415.3,11,4,2,1.0,1,9,2
98-376-8787,14,4,167,2024-10-31,Planned,85.52,7,1,5,0.0,1,3,7
18-938-9896,13,44,249,2024-08-09,Impulsive,422.31,2,3,4,1.0,0,6,3
04-829-7037,18,22,258,2024-10-01,Need-based,70.42,11,4,5,1.0,2,7,14
93-455-0576,17,1,199,2024-06-16,Planned,437.4,6,1,4,1.0,2,5,1
84-637-9188,24,23,88,2024-03-28,Need-based,207.11,4,1,4,2.0,0,1,2
81-111-7832,10,6,21,2024-06-16,Planned,378.87,2,5,2,2.0,2,2,9
77-401-8183,16,39,63,2024-01-15,Planned,349.0,10,3,5,1.0,1,5,10
01-484-8220,12,44,41,2024-02-10,Impulsive,330.27,3,3,2,1.0,1,9,9
11-121-0709,19,35,11,2024-09-02,Planned,410.29,10,2,4,1.0,2,4,1
36-649-0081,12,35,159,2024-09-12,Planned,400.86,7,3,3,1.0,1,7,5
61-176-8712,22,8,133,2024-08-31,Planned,225.12,11,3,2,1.0,0,1,6
75-526-2611,22,19,259,2024-01-22,Wants-based,273.48,12,5,3,2.0,0,5,5
72-339-1854,5,45,179,2024-08-30,Impulsive,363.84,11,3,2,1.0,0,3,5
80-360-6324,13,6,154,2024-07-23,Impulsive,302.6,9,1,4,2.0,2,10,2
24-591-4327,10,22,26,2024-04-11,Impulsive,317.09,6,1,1,1.0,2,2,4
58-487-8848,22,15,109,2024-07-11,Wants-based,193.32,9,4,3,0.0,0,8,6
61-453-3503,15,7,15,2024-09-16,Need-based,282.24,6,2,3,2.0,1,7,1
63-680-7694,12,9,249,2024-09-22,Need-based,154.19,6,5,4,1.0,2,1,1
51-431-7150,5,10,26,2024-11-03,Impulsive,84.15,10,1,3,1.0,2,1,1
23-039-9347,19,32,23,2024-05-15,Wants-based,214.69,7,4,4,0.0,1,7,9
18-832-6916,10,14,117,2024-11-24,Planned,61.21,12,5,5,0.0,0,5,13
29-438-8126,13,33,260,2024-03-31,Planned,462.48,11,1,3,0.0,2,2,12
68-201-1633,15,1,248,2024-03-21,Wants-based,449.18,3,5,3,2.0,0,8,10
07-314-2945,8,8,22,2024-07-03,Impulsive,314.36,7,3,5,2.0,1,4,1
64-490-6975,24,36,113,2024-03-17,Need-based,367.7,3,3,5,2.0,2,3,3
91-789-3191,7,38,164,2024-11-21,Need-based,229.97,7,3,4,0.0,2,9,6
83-714-9649,4,13,253,2024-08-02,Wants-based,226.53,3,3,1,1.0,1,10,13
33-203-4230,15,39,258,2024-09-24,Need-based,218.32,2,5,3,0.0,2,7,3
90-918-2833,5,44,225,2024-12-18,Impulsive,132.67,7,2,5,1.0,2,3,1
53-409-1176,18,21,146,2024-05-25,Planned,416.96,7,5,1,1.0,0,1,7
52-491-3386,18,20,253,2024-01-05,Need-based,459.51,7,1,2,2.0,0,5,11
10-870-3357,7,39,231,2024-03-15,Need-based,487.96,2,5,3,2.0,0,2,12
41-816-7753,17,14,223,2024-07-23,Wants-based,150.11,7,4,4,1.5,0,3,8
68-296-5978,12,27,261,2024-09-18,Planned,218.87,5,4,3,0.0,0,4,11
03-874-9055,8,40,257,2024-03-09,Impulsive,437.06,7,3,5,2.0,0,6,11
28-123-8406,22,21,262,2024-01-29,Impulsive,122.58,2,5,4,1.5,2,5,12
01-089-2223,2,33,46,2024-07-22,Impulsive,195.07,8,3,1,1.0,0,6,10
23-758-1012,6,44,86,2024-02-03,Planned,190.06,9,5,1,1.0,1,2,12
34-788-8387,20,12,40,2024-06-03,Wants-based,485.76,10,3,4,0.0,0,4,4
53-865-9342,6,41,3,2024-10-05,Wants-based,242.57,7,1,1,1.0,0,10,1
79-052-8470,18,6,126,2024-01-04,Need-based,303.13,2,1,1,1.0,0,7,10
86-359-7320,17,20,188,2024-02-27,Planned,136.1,5,3,5,2.0,0,2,14
27-111-2242,14,18,177,2024-10-01,Planned,249.02,11,3,2,0.3,1,1,14
84-538-0238,3,20,171,2024-12-11,Need-based,466.74,7,3,4,0.2,2,3,5
04-660-2742,10,44,263,2024-11-25,Planned,229.3,6,4,5,2.0,0,6,6
96-496-9833,13,13,66,2024-01-13,Need-based,450.52,8,2,2,0.2,0,6,8
27-672-6081,20,3,162,2024-09-17,Wants-based,246.44,4,3,1,1.0,0,3,5
66-033-0540,4,13,84,2024-08-12,Planned,93.52,2,1,5,1.0,1,2,12
99-643-9845,20,37,94,2024-09-09,Need-based,137.75,6,3,3,2.0,0,1,4
27-571-9402,4,15,27,2024-05-26,Planned,78.64,5,3,4,2.0,0,3,12
10-430-5821,15,23,21,2024-11-09,Planned,214.82,9,5,4,0.3,1,9,11
36-835-7445,8,36,43,2024-07-19,Impulsive,57.39,3,2,5,0.25,0,10,3
41-602-4042,22,37,58,2024-01-07,Planned,363.91,10,1,1,0.3,0,2,9
63-743-6962,23,16,186,2024-01-07,Wants-based,304.79,12,2,4,2.0,1,9,10
66-772-9922,24,9,215,2024-05-27,Planned,363.98,4,4,4,1.0,2,7,1
23-246-5927,6,3,186,2024-05-11,Wants-based,249.6,7,4,1,1.0,2,7,11
74-022-7557,14,32,35,2024-10-16,Planned,345.04,12,1,5,1.0,0,8,13
78-214-5658,18,12,264,2024-04-19,Need-based,59.15,3,4,2,1.0,0,1,8
25-286-8786,4,38,157,2024-06-07,Wants-based,461.81,12,4,3,0.0,0,8,8
55-955-9889,11,14,41,2024-05-05,Planned,280.88,4,3,4,1.0,0,2,2
34-237-3943,9,27,210,2024-02-29,Impulsive,283.7,8,2,5,1.0,1,3,8
19-386-9088,9,41,265,2024-12-18,Impulsive,411.95,10,5,3,1.0,0,4,5
16-583-2801,1,12,25,2024-10-29,Wants-based,476.11,5,1,4,1.0,2,10,1
83-752-5439,1,17,266,2024-06-21,Need-based,399.24,7,4,2,1.0,1,2,10
25-485-2023,24,21,162,2024-09-16,Planned,90.79,12,4,1,2.0,0,2,6
90-822-7664,10,9,49,2024-01-14,Need-based,229.56,9,1,2,1.0,0,9,11
22-039-6819,7,3,34,2024-03-17,Wants-based,160.47,7,1,5,0.0,0,3,6
50-395-1941,15,24,136,2024-09-22,Impulsive,104.74,6,2,4,2.0,0,4,1
99-771-9310,2,40,11,2024-03-07,Need-based,399.95,10,2,1,0.0,1,2,10
18-518-0140,16,12,56,2024-11-25,Planned,337.33,8,1,4,1.0,0,5,10
57-000-8646,24,17,95,2024-04-22,Wants-based,204.83,6,5,1,0.0,1,5,5
81-926-9297,13,38,264,2024-08-09,Wants-based,193.94,11,4,1,0.0,0,3,9
53-070-2625,8,7,52,2024-07-13,Wants-based,460.37,10,5,4,2.0,2,7,12
63-217-7638,18,37,117,2024-01-01,Need-based,297.29,9,5,4,2.0,0,9,3
64-120-6212,6,42,175,2024-02-11,Wants-based,389.47,4,5,3,2.0,1,9,6
01-404-3425,4,27,12,2024-10-30,Impulsive,370.05,11,5,3,0.0,1,10,10
68-971-6148,24,4,262,2024-03-19,Wants-based,462.24,2,4,5,0.0,2,1,13
22-053-4627,2,33,32,2024-04-30,Wants-based,472.53,11,4,1,1.0,2,7,4
09-258-0424,4,21,148,2024-11-25,Planned,407.29,3,5,5,0.0,0,5,3
56-782-9001,8,22,138,2024-02-16,Impulsive,135.65,8,4,1,1.0,0,9,14
05-506-7216,10,35,257,2024-06-20,Planned,352.35,4,2,2,0.0,1,1,14
47-356-9730,6,35,67,2024-02-04,Planned,441.73,12,1,4,2.0,0,8,8
42-898-6421,9,34,17,2024-08-04,Impulsive,105.95,12,1,4,2.0,1,7,11
17-364-8685,20,15,215,2024-03-21,Planned,351.54,11,1,3,2.0,0,8,12
13-618-9438,4,6,164,2024-06-13,Need-based,321.26,12,4,1,0.0,0,6,14
32-457-2982,10,13,200,2024-04-04,Need-based,421.5,11,5,1,2.0,0,8,3
43-386-2489,2,39,33,2024-05-02,Planned,253.29,6,3,2,2.0,1,4,8
67-438-2378,24,24,246,2024-02-14,Impulsive,217.62,3,5,2,1.0,2,3,5
65-431-1264,6,13,245,2024-05-14,Wants-based,226.04,11,4,1,1.0,0,9,12
73-367-8478,13,43,262,2024-02-06,Impulsive,52.79,4,2,2,0.0,1,7,4
84-162-8799,24,20,131,2024-11-12,Impulsive,385.08,7,2,4,1.0,1,1,1
51-546-9992,12,28,63,2024-12-26,Impulsive,181.1,2,2,5,2.0,2,7,5
89-189-3295,3,40,86,2024-10-01,Need-based,246.41,7,2,4,0.0,2,8,11
45-776-7217,16,21,267,2024-03-03,Impulsive,140.87,8,3,3,2.0,2,7,9
71-354-5174,15,20,82,2024-04-20,Planned,151.25,2,2,5,0.0,1,8,10
05-975-6985,12,27,101,2024-08-21,Planned,171.52,3,5,5,2.0,1,9,12
42-859-2475,7,45,267,2024-10-21,Need-based,399.56,10,4,2,1.0,0,4,1
34-094-1923,7,18,57,2024-04-11,Wants-based,173.46,4,5,3,1.0,0,9,2
57-797-8139,17,13,93,2024-02-09,Planned,332.14,10,4,4,0.0,1,2,13
21-048-8669,2,8,48,2024-05-25,Wants-based,247.05,8,3,2,1.0,1,8,2
30-038-8752,3,15,56,2024-04-16,Wants-based,365.88,10,4,5,1.0,1,1,9
06-237-7338,17,5,215,2024-02-17,Wants-based,354.92,8,5,4,0.0,0,1,13
71-817-5422,24,23,117,2024-07-07,Impulsive,195.46,10,5,3,2.0,0,10,9
68-512-0568,6,16,248,2024-08-03,Need-based,474.03,7,3,1,1.0,0,6,13
18-633-9387,10,20,209,2024-03-09,Impulsive,106.96,6,3,1,2.0,0,7,3
08-977-4418,14,21,198,2024-07-28,Impulsive,371.84,9,5,4,0.0,2,6,2
97-738-8095,19,4,170,2024-02-29,Planned,461.16,8,1,4,1.0,0,3,14
15-421-1255,6,40,245,2024-07-03,Wants-based,497.75,11,4,1,2.0,2,1,13
92-142-4328,11,43,268,2024-03-02,Need-based,492.83,5,2,1,0.0,0,4,2
06-357-6548,20,11,124,2024-07-27,Planned,295.54,8,3,3,1.0,2,4,14
59-261-4453,5,15,101,2024-05-26,Need-based,494.81,9,2,4,1.0,1,7,6
35-644-3184,8,13,79,2024-03-04,Need-based,160.25,7,2,3,2.0,2,5,12
30-528-9105,1,45,222,2024-12-13,Wants-based,198.36,4,1,1,2.0,1,9,4
14-709-8547,5,44,263,2024-02-24,Planned,82.39,12,5,1,1.0,0,8,1
80-508-9866,12,10,1,2024-03-12,Wants-based,290.56,3,5,1,2.0,1,1,4
27-100-0661,10,32,68,2024-08-21,Planned,206.79,5,1,3,2.0,1,2,4
68-488-7343,16,23,240,2024-05-23,Need-based,401.43,8,4,2,0.0,0,6,5
63-304-1852,7,6,51,2024-05-26,Need-based,188.17,9,5,5,0.0,1,5,9
53-843-5619,1,22,48,2024-03-20,Impulsive,83.21,10,4,3,2.0,0,4,7
44-786-7696,1,41,49,2024-10-03,Impulsive,54.74,4,1,2,0.0,0,4,14
45-631-4619,3,24,131,2024-08-23,Wants-based,371.12,8,5,1,2.0,1,7,8
11-850-1953,13,32,262,2024-09-17,Impulsive,293.64,3,2,1,2.0,2,8,5
20-421-2544,6,16,156,2024-10-17,Impulsive,185.83,11,4,2,2.0,2,9,1
37-100-8709,3,14,37,2024-08-08,Planned,117.13,7,1,1,2.0,1,10,6
78-361-5100,3,29,175,2024-12-12,Impulsive,52.24,11,3,1,0.0,2,4,8
67-676-5945,16,40,81,2024-06-12,Planned,446.69,7,4,5,2.0,1,5,13
67-639-5838,13,2,269,2024-03-28,Planned,216.84,5,4,3,1.0,1,1,5
51-415-1931,14,39,218,2024-12-27,Impulsive,75.27,7,3,4,1.0,2,3,1
96-764-3843,3,25,218,2024-02-24,Impulsive,308.87,2,3,4,1.0,2,2,11
16-730-2056,23,16,197,2024-06-15,Wants-based,169.77,5,1,4,0.0,2,9,7
22-157-2494,17,22,45,2024-08-14,Wants-based,289.08,12,2,1,0.0,1,10,7
29-341-6463,23,23,86,2024-05-15,Impulsive,74.09,10,1,4,2.0,2,9,8
64-906-4475,23,26,92,2024-06-01,Wants-based,201.53,5,2,3,1.0,1,6,11
36-340-8494,18,26,203,2024-08-25,Wants-based,244.6,12,4,4,2.0,0,6,3
77-031-4898,15,25,241,2024-03-01,Need-based,320.5,10,3,4,2.0,0,9,9
86-097-9642,24,20,265,2024-06-30,Wants-based,91.63,3,5,2,2.0,0,10,2
64-090-3433,7,20,83,2024-01-02,Need-based,251.93,8,3,2,1.0,2,3,7
96-140-1936,9,13,246,2024-12-28,Need-based,477.35,4,2,5,0.0,1,2,14
38-830-6976,16,31,244,2024-09-02,Wants-based,86.63,10,3,1,2.0,2,2,3
82-864-1154,11,12,256,2024-09-21,Need-based,474.42,4,2,3,0.0,1,9,5
79-711-6779,1,5,106,2024-03-27,Need-based,429.24,7,3,5,1.0,0,1,10
22-860-9860,4,4,2,2024-11-11,Impulsive,470.38,8,2,4,0.0,2,3,9
72-590-6161,1,15,149,2024-09-16,Wants-based,495.8,4,1,2,1.0,0,7,10
76-213-5806,14,12,242,2024-05-27,Need-based,129.64,4,3,1,2.0,1,3,3
66-894-5431,8,13,54,2024-05-02,Wants-based,473.77,9,3,1,2.0,2,9,13
20-939-3906,14,9,58,2024-09-13,Need-based,130.84,4,5,5,2.0,2,10,13
86-390-9555,20,33,157,2024-05-30,Wants-based,436.54,12,3,3,0.0,1,8,9
91-602-0761,10,16,78,2024-10-21,Need-based,264.01,4,3,4,0.0,1,5,2
62-974-7965,23,40,162,2024-10-15,Need-based,58.27,2,5,4,1.0,1,4,13
21-232-1397,7,16,142,2024-11-07,Planned,190.76,10,5,5,2.0,1,3,11
31-364-4144,10,28,120,2024-01-18,Planned,105.76,8,4,4,2.0,1,8,4
99-945-7193,12,27,232,2024-04-30,Impulsive,254.29,9,5,4,0.0,1,7,3
91-053-3261,7,6,253,2024-11-12,Impulsive,435.52,9,5,3,2.0,1,2,11
50-447-5171,3,40,4,2024-05-13,Impulsive,235.49,5,4,3,1.0,1,6,5
89-754-7244,8,1,165,2024-09-28,Impulsive,161.34,3,2,3,2.0,1,8,4
56-072-7011,8,29,270,2024-03-18,Need-based,167.67,11,5,2,1.0,0,6,5
74-281-3421,2,14,78,2024-04-13,Planned,96.68,10,5,2,2.0,2,3,10
86-068-2133,1,39,135,2024-04-23,Impulsive,234.58,3,5,5,2.0,2,6,1
03-102-0288,5,16,182,2024-03-13,Wants-based,156.48,7,5,1,0.0,2,5,4
74-033-1145,24,23,193,2024-01-18,Wants-based,489.66,11,5,1,0.0,2,6,3
24-272-6205,13,44,165,2024-04-25,Need-based,161.85,9,5,3,0.0,0,4,10
90-170-1951,14,35,233,2024-08-15,Wants-based,204.47,7,2,1,1.0,2,9,3
73-259-8940,12,9,271,2024-11-10,Planned,315.03,4,1,5,0.0,1,6,2
77-796-5786,5,21,160,2024-06-29,Need-based,330.36,12,5,5,1.0,1,4,3
23-949-1954,17,28,92,2024-06-20,Need-based,456.83,5,2,5,0.0,0,9,13
51-313-7293,24,16,272,2024-11-16,Need-based,236.05,6,2,3,0.0,1,4,13
62-797-9254,4,9,116,2024-06-29,Wants-based,289.28,9,3,5,1.0,2,7,13
27-941-4995,13,42,183,2024-07-20,Wants-based,483.77,5,1,2,0.0,0,5,10
01-799-2615,5,42,85,2024-07-28,Wants-based,64.5,7,3,4,1.0,1,7,13
82-133-0444,20,30,24,2024-02-02,Wants-based,436.57,4,5,3,1.0,2,10,3
43-920-9499,2,4,183,2024-09-26,Planned,364.48,2,3,3,0.2,2,5,13
17-551-9779,22,16,200,2024-04-04,Need-based,221.88,12,1,4,2.0,1,6,9
49-037-2300,21,23,220,2024-10-22,Need-based,278.21,3,5,1,2.0,0,7,14
95-876-9757,19,7,90,2024-07-12,Impulsive,344.43,7,3,5,0.0,2,4,5
47-947-4888,16,2,177,2024-06-30,Impulsive,326.08,11,4,3,2.0,2,6,8
83-003-2165,1,43,170,2024-04-02,Need-based,437.97,8,4,2,0.0,0,7,12
27-619-9264,13,45,95,2024-02-16,Planned,391.87,3,1,4,2.0,0,2,6
49-476-1729,23,9,83,2024-01-31,Planned,333.41,3,2,5,1.0,1,6,3
64-803-7087,20,13,88,2024-10-09,Impulsive,251.54,9,5,1,0.0,2,10,1
01-925-4021,14,29,140,2024-04-09,Need-based,292.08,7,3,2,1.0,2,9,11
51-116-5937,23,41,239,2024-05-16,Impulsive,204.29,11,5,4,0.0,2,1,12
72-454-2741,13,7,8,2024-10-22,Impulsive,258.68,4,4,2,1.0,0,9,9
96-484-1000,1,10,52,2024-11-08,Need-based,258.02,2,3,2,1.0,2,4,13
07-834-3350,1,30,243,2024-09-01,Wants-based,181.87,12,4,1,1.0,2,4,11
11-802-5604,20,11,219,2024-05-17,Impulsive,81.18,8,4,5,1.0,2,3,3
41-750-4105,6,12,19,2024-05-19,Need-based,382.94,8,1,3,0.0,0,6,3
31-491-8457,22,33,234,2024-01-25,Wants-based,402.82,7,4,5,0.0,2,2,13
86-257-9581,1,29,165,2024-03-08,Wants-based,497.76,2,1,2,2.0,2,3,4
22-981-6595,5,28,88,2024-07-13,Need-based,227.58,5,4,2,1.0,0,1,11
54-002-5845,14,15,4,2024-11-21,Impulsive,263.57,2,2,3,0.0,1,9,8
31-927-7787,16,2,53,2024-03-31,Need-based,422.09,3,4,1,1.0,0,9,7
46-098-9737,1,2,53,2024-04-28,Impulsive,411.83,2,2,3,2.0,1,3,10
27-017-7173,15,31,183,2024-07-09,Planned,242.65,3,5,3,0.2,2,8,9
53-102-9949,7,15,215,2024-09-22,Planned,298.93,6,5,2,0.2,2,1,2
02-676-9312,8,3,130,2024-04-04,Need-based,191.21,7,5,4,1.0,2,6,13
28-969-7540,14,13,48,2024-06-20,Impulsive,136.67,3,3,1,1.0,0,2,1
30-083-9565,7,37,136,2024-03-22,Impulsive,324.11,11,3,3,2.0,0,2,7
30-975-0306,10,19,231,2024-04-06,Planned,105.64,6,1,3,0.0,2,1,12
14-364-4904,14,7,207,2024-05-20,Need-based,295.6,10,1,2,1.0,0,9,5
08-652-2085,10,21,125,2024-04-09,Need-based,227.03,9,4,4,2.0,2,7,4
67-037-2087,12,31,180,2024-12-04,Planned,485.77,10,1,2,0.0,2,6,6
09-737-8354,10,10,273,2024-05-27,Need-based,173.43,4,3,3,0.0,2,1,14
12-417-5609,16,11,268,2024-07-01,Planned,462.96,2,4,2,0.0,2,6,3
25-096-6830,8,43,59,2024-08-15,Impulsive,203.13,10,4,3,2.0,1,5,6
91-558-5922,17,21,47,2024-01-19,Wants-based,443.11,9,1,2,1.0,0,10,1
25-560-4506,19,36,274,2024-09-18,Wants-based,254.83,2,1,2,1.0,1,2,1
33-609-0598,9,35,161,2024-06-17,Planned,336.89,4,2,1,2.0,1,7,9
45-337-1798,16,32,182,2024-07-26,Wants-based,337.17,8,5,5,0.0,1,6,3
34-265-8558,2,45,54,2024-03-11,Planned,429.24,2,2,2,2.0,0,3,13
67-323-7406,14,34,187,2024-09-27,Need-based,197.7,7,3,5,2.0,1,6,9
40-149-8247,4,2,88,2024-09-05,Impulsive,336.96,2,5,2,2.0,0,7,7
37-361-8691,13,1,115,2024-12-22,Wants-based,489.81,11,3,2,1.0,0,1,3
17-763-9416,15,39,235,2024-10-29,Planned,455.55,8,4,4,1.0,0,6,10
56-453-8263,8,43,197,2024-06-06,Need-based,266.61,3,3,1,1.0,2,8,7
19-560-0717,23,31,250,2024-04-12,Impulsive,460.88,5,3,4,2.0,2,4,2
40-199-1803,19,42,162,2024-12-21,Impulsive,361.4,2,2,5,1.0,0,5,7
09-332-0236,16,1,243,2024-12-25,Need-based,51.86,4,3,5,0.2,2,6,6
83-982-5300,3,34,178,2024-12-01,Need-based,310.16,5,5,3,1.0,0,4,14
46-662-1571,13,45,75,2024-03-31,Need-based,300.73,8,4,2,1.0,2,9,10
20-699-9217,13,3,126,2024-10-12,Impulsive,356.87,12,1,4,0.0,1,9,10
26-150-0209,21,14,189,2024-12-25,Impulsive,82.37,6,1,1,1.0,0,4,2
94-985-5336,21,15,271,2024-01-11,Planned,372.6,3,4,5,1.0,2,6,10
97-715-3606,10,24,168,2024-07-29,Need-based,78.32,9,2,4,2.0,2,10,7
02-100-4320,16,9,7,2024-01-11,Wants-based,71.72,12,3,5,1.0,2,5,13
16-070-0138,9,42,57,2024-07-30,Planned,241.1,12,1,5,2.0,2,2,8
82-474-5074,23,30,275,2024-07-28,Wants-based,96.86,9,5,5,0.0,2,10,7
36-444-5336,2,40,123,2024-11-11,Impulsive,276.25,11,2,1,2.0,2,4,8
54-680-5344,3,44,84,2024-10-25,Planned,318.45,10,2,1,2.0,2,4,5
16-364-8096,10,11,172,2024-09-20,Impulsive,117.03,6,3,2,0.0,2,9,5
62-644-8183,17,26,58,2024-10-22,Planned,490.41,7,3,5,1.0,1,10,5
59-971-0799,19,12,30,2024-09-09,Need-based,476.42,7,1,1,1.0,0,2,2
64-031-2046,22,23,88,2024-07-17,Wants-based,392.27,5,4,5,1.0,0,2,7
87-079-0237,12,6,276,2024-05-12,Impulsive,207.24,9,2,2,0.0,0,6,3
78-091-8662,1,37,229,2024-10-11,Planned,141.63,3,4,1,1.0,1,8,11
62-720-2922,4,37,246,2024-06-23,Impulsive,244.47,5,3,4,1.0,1,5,4
47-528-3961,1,7,11,2024-08-23,Need-based,251.63,9,3,1,0.0,0,2,10
21-808-2293,17,24,157,2024-02-15,Impulsive,431.78,12,1,3,1.0,1,8,7
22-022-9256,24,26,183,2024-01-10,Impulsive,303.09,2,2,5,1.0,2,9,11
96-772-7220,23,1,184,2024-11-18,Need-based,341.24,9,5,5,2.0,1,3,4
25-866-7286,14,22,247,2024-05-10,Planned,211.39,10,4,5,1.0,0,1,1
72-694-4159,14,18,75,2024-09-18,Impulsive,379.21,9,1,5,1.0,1,1,1
10-079-8237,8,27,164,2024-04-14,Planned,309.53,8,2,1,1.0,2,6,5
47-460-8015,6,22,156,2024-03-06,Impulsive,359.45,6,4,1,2.0,1,8,11
06-061-0023,12,21,258,2024-04-19,Planned,479.62,8,3,1,2.0,1,3,10
80-487-2550,14,14,59,2024-02-29,Impulsive,208.6,2,5,1,2.0,0,5,3
23-617-2637,15,34,120,2024-01-22,Need-based,180.21,2,5,5,0.0,1,1,14
60-005-5187,14,30,2,2024-01-18,Wants-based,197.9,3,2,1,2.0,0,8,14
24-371-5870,4,26,98,2024-09-30,Planned,362.3,7,4,2,0.2,0,4,6
02-055-8248,19,34,225,2024-04-27,Impulsive,159.53,11,3,4,2.0,0,3,7
54-238-5459,24,40,252,2024-03-10,Wants-based,149.52,9,2,5,1.0,0,6,8
85-922-0190,17,13,262,2024-10-12,Wants-based,206.32,5,3,3,1.0,0,4,12
48-271-1908,16,33,277,2024-05-21,Need-based,308.58,11,2,5,2.0,0,7,12
46-978-3874,20,33,218,2024-01-10,Impulsive,91.34,5,2,1,1.0,0,1,6
53-595-7635,9,4,130,2024-05-07,Need-based,455.44,7,4,2,1.0,2,3,3
08-185-6608,16,7,48,2024-01-22,Planned,468.16,8,3,5,1.0,1,5,2
20-562-2569,8,9,193,2024-07-07,Need-based,463.67,5,2,4,0.3,2,4,5
41-366-4205,1,31,160,2024-03-28,Wants-based,69.78,9,4,3,2.0,0,6,9
77-241-7621,2,36,52,2024-03-11,Wants-based,453.37,10,1,1,2.0,0,6,9
53-091-2176,16,8,67,2024-03-30,Impulsive,106.15,12,4,4,0.3,0,5,8
48-203-9118,11,26,210,2024-12-08,Planned,378.47,6,5,2,0.33,1,10,2
